site,sp,genus,doy_10_percentile,doy_30_percentile,doy_50_percentile,doy_70_percentile,doy_90_percentile,n_record,n_year,type
ABBY,Alnus rubra,Alnus,55.8,104.4,164,241,308.20000000000005,669,16,species_level
ABBY,Alnus viridis,Alnus,107,133,235,268,296,11,3,species_level
ABBY,Cytisus scoparius,Cytisus,77,116,130,143,164,946,14,species_level
ABBY,Lathyrus polyphyllus,Lathyrus,123.3,134.9,137.5,151.29999999999998,161.10000000000002,24,6,species_level
ABBY,Lathyrus sp,Lathyrus,96,143,169,189,232,2982,22,genus_level
ABBY,Lotus aboriginus,Lotus,156,171,185,208,242,3620,21,genus_level
ABBY,Lotus sp,Lotus,156,171,185,208,242,3620,21,genus_level
ABBY,Lupinus sp,Lupinus,64,83,100,119,166,14875,32,genus_level
ABBY,Thermopsis montana,Thermopsis,128,146,154,156,184,21,10,species_level
ABBY,Trifolium sp,Trifolium,101,136,162,196,262,16655,23,genus_level
ABBY,Vicia americana,Vicia,137,153,169,184,200.7,414,15,species_level
ABBY,Vicia sativa,Vicia,68,96,116,127,146,1207,16,species_level
ABBY,Vicia villosa,Vicia,94.9,121,144,162,190,990,18,species_level
BARR,Lupinus arcticus,Lupinus,66,106.4,173,191.60000000000002,216.2,19,11,species_level
BLAN,Amphicarpaea bracteata,Amphicarpaea,224,232,238.5,245,253,2412,21,species_level
BLAN,Desmodium sp,Desmodium,183,205,223,242,264,705,15,genus_level
BLAN,Elaeagnus umbellata,Elaeagnus,98,115,125,138,149,1191,18,species_level
BLAN,Glycine max,Glycine,206.8,212.79999999999998,219,237,252.20000000000002,7,3,species_level
BLAN,Kummerowia striata,Kummerowia,223.2,234.60000000000002,244,252.2,274.4,77,11,species_level
BLAN,Lespedeza cuneata,Lespedeza,220,241,252,258,268,209,12,species_level
BLAN,Medicago lupulina,Medicago,90,139,158,176,228,1560,16,species_level
BLAN,Melilotus officinalis,Melilotus,145.2,161,173,194,235,1193,19,species_level
BLAN,Robinia pseudoacacia,Robinia,93,120,138,152,257.8000000000002,2963,20,species_level
BLAN,Trifolium arvense,Trifolium,145.7,176,193,214,249.3,478,10,species_level
BLAN,Trifolium campestre,Trifolium,100,126,147,173,207.20000000000005,725,14,species_level
BLAN,Trifolium pratense,Trifolium,145,166,196,243,280,4765,20,species_level
BLAN,Trifolium reflexum,Trifolium,127.3,131.89999999999998,136,141.39999999999998,147,12,5,species_level
BLAN,Trifolium repens,Trifolium,91,138,163,199,274,5555,18,species_level
BLAN,Trifolium sp,Trifolium,101,136,162,196,262,16655,23,genus_level
BLAN,Vicia sativa,Vicia,68,96,116,127,146,1207,16,species_level
BLAN,Vicia sp,Vicia,84,118,145,170,203,4697,22,genus_level
BLAN,Vicia villosa,Vicia,94.9,121,144,162,190,990,18,species_level
BONA,Alnus incana,Alnus,102,156,193,233,276,926,15,species_level
BONA,Alnus viridis,Alnus,107,133,235,268,296,11,3,species_level
BONA,Lathyrus japonicus,Lathyrus,136.3,153,171,195,232,424,18,species_level
CLBJ,Acacia angustissima,Acacia,40,89.29999999999995,180,272,325.9000000000001,1572,14,genus_level
CLBJ,Acacia sp,Acacia,40,89.29999999999995,180,272,325.9000000000001,1572,14,genus_level
CLBJ,Chamaecrista fasciculata,Chamaecrista,175,209,225,241,272,4671,22,species_level
CLBJ,Clitoria mariana,Clitoria,156,179,195,209,231,301,13,species_level
CLBJ,Crotalaria ochroleuca,Crotalaria,48.60000000000001,123.6,215,262.59999999999997,333,237,12,genus_level
CLBJ,Crotalaria sagittalis,Crotalaria,156,187,202,208.9,252.20000000000002,18,7,species_level
CLBJ,Dalea aurea,Dalea,138.10000000000002,158,168,189.79999999999998,230.80000000000004,30,8,species_level
CLBJ,Dalea candida,Dalea,170,187,194,205,227,209,17,species_level
CLBJ,Dalea enneandra,Dalea,158.8,170.60000000000002,189,189,211.8,5,2,species_level
CLBJ,Dalea hallii,Dalea,198,232,266,266.8,267.6,3,3,species_level
CLBJ,Dalea multiflora,Dalea,178.6,179.79999999999998,187,196.6,212.2,4,3,species_level
CLBJ,Dalea purpurea,Dalea,145.60000000000002,183.2,195,208.79999999999995,241.60000000000002,635,18,species_level
CLBJ,Dalea sp,Dalea,64,120,183,204,269,1869,21,genus_level
CLBJ,Dalea tenuifolia,Dalea,131.6,137,147,158.8,181.99999999999997,9,3,species_level
CLBJ,Dalea tenuis,Dalea,193.20000000000002,211.6,230,248.4,266.8,2,2,species_level
CLBJ,Desmanthus illinoensis,Desmanthus,161,178,189,199,226,81,8,species_level
CLBJ,Desmanthus sp,Desmanthus,139.2,168,188,201.79999999999998,241.8,113,9,genus_level
CLBJ,Desmodium canescens,Desmodium,207.10000000000002,217.5,229,233.9,253,20,7,species_level
CLBJ,Desmodium ciliare,Desmodium,239,248.6,249,258.2,275.8,7,4,species_level
CLBJ,Desmodium sessilifolium,Desmodium,188.4,207.2,222,227.2,239.60000000000002,7,5,species_level
CLBJ,Desmodium sp,Desmodium,183,205,223,242,264,705,15,genus_level
CLBJ,Galactia sp,Galactia,109.69999999999999,152,190.5,210,240.89999999999998,128,9,genus_level
CLBJ,Galactia volubilis,Galactia,105,169.5,193.5,210.5,224.5,6,3,species_level
CLBJ,Indigofera miniata,Indigofera,97.10000000000001,120,150.5,197.7,258,332,13,species_level
CLBJ,Lathyrus hirsutus,Lathyrus,91.4,118.1,129.5,145,155.3,68,8,species_level
CLBJ,Lespedeza cuneata,Lespedeza,220,241,252,258,268,209,12,species_level
CLBJ,Lespedeza procumbens,Lespedeza,209,238,247,253.39999999999998,270,43,4,species_level
CLBJ,Lespedeza sp,Lespedeza,198.5,227,240,252,265,636,15,genus_level
CLBJ,Lespedeza stuevei,Lespedeza,237.5,240.5,242,244.49999999999997,253.5,4,3,species_level
CLBJ,Lespedeza virginica,Lespedeza,224.60000000000002,236.2,244,253,261.6,105,10,species_level
CLBJ,Lotus sp,Lotus,156,171,185,208,242,3620,21,genus_level
CLBJ,Lotus unifoliolatus,Lotus,156,171,185,208,242,3620,21,genus_level
CLBJ,Medicago minima,Medicago,75.5,84.9,95,104.1,116.7,24,9,species_level
CLBJ,Mimosa nuttallii,Mimosa,121.30000000000001,132.8,144.5,160.1,175.8,34,11,species_level
CLBJ,Mimosa roemeriana,Mimosa,98,117,141,186.29999999999995,262.1,1090,21,genus_level
CLBJ,Neptunia lutea,Neptunia,136,152.8,168,201.19999999999996,249.4,35,9,species_level
CLBJ,Pediomelum linearifolium,Pediomelum,149.8,168.6,185,186.79999999999998,196,7,4,species_level
CLBJ,Pediomelum rhombifolium,Pediomelum,88.19999999999999,112.80000000000001,123,148.8,171,43,9,species_level
CLBJ,Rhynchosia americana,Rhynchosia,82,118.6,138,175.79999999999993,251.2,47,6,species_level
CLBJ,Rhynchosia latifolia,Rhynchosia,131.3,141.3,144,167.39999999999998,234.1,12,8,species_level
CLBJ,Rhynchosia minima,Rhynchosia,118.2,171.2,242,260,280.2,49,8,species_level
CLBJ,Sophora nuttalliana,Sophora,111.19999999999999,115.8,119,122.2,137,29,9,species_level
CLBJ,Strophostyles helvola,Strophostyles,205,227,241,252,270.6,305,15,species_level
CLBJ,Strophostyles leiosperma,Strophostyles,179.7,212.4,230,250,277.3,58,9,species_level
CLBJ,Strophostyles sp,Strophostyles,199,225.2,240,251,273.20000000000005,595,15,genus_level
CLBJ,Stylosanthes biflora,Stylosanthes,138.3,158.8,182.5,207.1,249.70000000000002,234,12,species_level
CLBJ,Trifolium bejariense,Trifolium,101,136,162,196,262,16655,23,genus_level
CLBJ,Trifolium sp,Trifolium,101,136,162,196,262,16655,23,genus_level
CLBJ,Trifolium vesiculosum,Trifolium,118.2,129.6,142,149,159.79999999999998,29,7,species_level
CLBJ,Vicia sp,Vicia,84,118,145,170,203,4697,22,genus_level
CPER,Astragalus crassicarpus,Astragalus,63,82.89999999999999,95.5,130.2,151,94,12,species_level
CPER,Astragalus gracilis,Astragalus,105.80000000000001,145,152,165.2,180,7,5,species_level
CPER,Astragalus mollissimus,Astragalus,75,87,96,109.8,147.00000000000006,105,13,species_level
CPER,Astragalus pectinatus,Astragalus,128.5,142.5,145.5,152,163.5,46,11,species_level
CPER,Astragalus sp,Astragalus,66,88,114,141,186,2802,26,genus_level
CPER,Dalea candida,Dalea,170,187,194,205,227,209,17,species_level
CPER,Lotus plebeius,Lotus,156,171,185,208,242,3620,21,genus_level
CPER,Lupinus pusillus,Lupinus,128.60000000000002,134.6,142,153.6,164.2,15,7,species_level
CPER,Medicago lupulina,Medicago,90,139,158,176,228,1560,16,species_level
CPER,Melilotus officinalis,Melilotus,145.2,161,173,194,235,1193,19,species_level
CPER,Oxytropis sericea,Oxytropis,129.8,140.7,148,153,164,190,13,species_level
CPER,Oxytropis sp,Oxytropis,133,148,160,179.89999999999998,198,478,18,genus_level
CPER,Sophora nuttalliana,Sophora,111.19999999999999,115.8,119,122.2,137,29,9,species_level
CPER,Sophora sp,Sophora,97.4,117,122,204.99999999999972,299.6,113,12,genus_level
CPER,Thermopsis divaricarpa,Thermopsis,119.5,122.5,125.5,128.5,131.5,2,2,species_level
CPER,Trifolium dasyphyllum,Trifolium,173.60000000000002,185,188,197,208,39,10,species_level
CPER,Vicia americana,Vicia,137,153,169,184,200.7,414,15,species_level
CPER,Vicia sp,Vicia,84,118,145,170,203,4697,22,genus_level
DCFS,Amorpha canescens,Amorpha,115,172,185,198.7,247,542,17,species_level
DCFS,Amorpha nana,Amorpha,154,160.5,168.5,179.5,181.5,16,5,species_level
DCFS,Amorpha sp,Amorpha,107.10000000000001,141,165,184,218,1072,19,genus_level
DCFS,Astragalus agrestis,Astragalus,143.6,149.8,158,163,173,47,10,species_level
DCFS,Astragalus canadensis,Astragalus,172,190,197.5,204.8,222.39999999999998,88,15,species_level
DCFS,Astragalus cicer,Astragalus,168.8,183.60000000000002,196,209.2,223.39999999999998,29,7,species_level
DCFS,Astragalus crassicarpus,Astragalus,63,82.89999999999999,95.5,130.2,151,94,12,species_level
DCFS,Astragalus flexuosus,Astragalus,161,165.2,173,192.5,204.3,8,6,species_level
DCFS,Astragalus missouriensis,Astragalus,72,91,108,125.19999999999999,147.4,127,15,species_level
DCFS,Astragalus sp,Astragalus,66,88,114,141,186,2802,26,genus_level
DCFS,Dalea candida,Dalea,170,187,194,205,227,209,17,species_level
DCFS,Dalea purpurea,Dalea,145.60000000000002,183.2,195,208.79999999999995,241.60000000000002,635,18,species_level
DCFS,Dalea villosa,Dalea,192.2,202.8,210,215,231.8,37,11,species_level
DCFS,Desmodium canadense,Desmodium,187,197,207,219,236,294,14,species_level
DCFS,Elaeagnus angustifolia,Elaeagnus,108.6,136,159,169.2,289.4,187,12,species_level
DCFS,Elaeagnus commutata,Elaeagnus,147,153,160,172,291,51,13,species_level
DCFS,Glycyrrhiza lepidota,Glycyrrhiza,149,173,184,191,208,101,9,species_level
DCFS,Lotus corniculatus,Lotus,156,170.19999999999993,185,207,241,3375,21,species_level
DCFS,Lotus unifoliolatus,Lotus,156,171,185,208,242,3620,21,genus_level
DCFS,Medicago lupulina,Medicago,90,139,158,176,228,1560,16,species_level
DCFS,Medicago sativa,Medicago,96,162.89999999999998,193,224,272,1264,16,species_level
DCFS,Melilotus officinalis,Melilotus,145.2,161,173,194,235,1193,19,species_level
DCFS,Oxytropis lambertii,Oxytropis,117.9,135.7,156,177,199.5,70,12,species_level
DCFS,Oxytropis sp,Oxytropis,133,148,160,179.89999999999998,198,478,18,genus_level
DCFS,Pediomelum argophyllum,Pediomelum,181,188,193,199.4,212.00000000000003,53,13,species_level
DCFS,Pediomelum esculentum,Pediomelum,137.7,152.10000000000002,162.5,165.89999999999998,175.90000000000003,38,10,species_level
DCFS,Pediomelum sp,Pediomelum,92,108,135,166,195.60000000000002,353,17,genus_level
DCFS,Trifolium hybridum,Trifolium,152,166,185,207.59999999999997,247,589,14,species_level
DCFS,Trifolium repens,Trifolium,91,138,163,199,274,5555,18,species_level
DCFS,Vicia americana,Vicia,137,153,169,184,200.7,414,15,species_level
DEJU,Alnus incana,Alnus,102,156,193,233,276,926,15,species_level
DEJU,Alnus viridis,Alnus,107,133,235,268,296,11,3,species_level
DEJU,Dryas octopetala,Dryas,157.10000000000002,173,183,192.7,204,92,18,genus_level
DEJU,Lupinus arcticus,Lupinus,66,106.4,173,191.60000000000002,216.2,19,11,species_level
DEJU,Oxytropis campestris,Oxytropis,146.3,167,179,187.29999999999998,202,74,13,species_level
DEJU,Oxytropis sp,Oxytropis,133,148,160,179.89999999999998,198,478,18,genus_level
DEJU,Shepherdia canadensis,Shepherdia,98.4,119,125,138,152,235,13,species_level
DELA,Albizia julibrissin,Albizia,143,164,181,191,211,770,15,species_level
DELA,Amorpha fruticosa,Amorpha,105,122,144.5,160,169.7,434,15,species_level
DELA,Amphicarpaea bracteata,Amphicarpaea,224,232,238.5,245,253,2412,21,species_level
DELA,Apios americana,Apios,172.8,220,228,235,245,1029,18,species_level
DELA,Clitoria mariana,Clitoria,156,179,195,209,231,301,13,species_level
DELA,Desmanthus illinoensis,Desmanthus,161,178,189,199,226,81,8,species_level
DELA,Desmodium canescens,Desmodium,207.10000000000002,217.5,229,233.9,253,20,7,species_level
DELA,Desmodium laevigatum,Desmodium,252,252,252,252,252,1,1,species_level
DELA,Desmodium obtusum,Desmodium,241,241,241,241,241,1,1,species_level
DELA,Desmodium paniculatum,Desmodium,215,231.7,244,253,265.2,140,9,species_level
DELA,Desmodium pauciflorum,Desmodium,183,205,223,242,264,705,15,genus_level
DELA,Desmodium rotundifolium,Desmodium,203,234,240,244,255,26,6,species_level
DELA,Desmodium sp,Desmodium,183,205,223,242,264,705,15,genus_level
DELA,Desmodium viridiflorum,Desmodium,205.60000000000002,228.8,252,255.2,258.4,3,3,species_level
DELA,Dioclea multiflora,Dioclea,NA,NA,NA,NA,NA,NA,NA,genus_level
DELA,Lespedeza procumbens,Lespedeza,209,238,247,253.39999999999998,270,43,4,species_level
DELA,Mimosa microphylla,Mimosa,124.20000000000002,151.2,164,182,210.79999999999998,133,11,species_level
DELA,Morella cerifera,Morella,46,62,80,110,300.80000000000007,593,13,species_level
DELA,Pueraria montana,Pueraria,56,131.9,199,245,294.70000000000005,724,12,species_level
DELA,Sesbania vesicaria,Sesbania,223,233.3,242,249.8,261.9,42,5,species_level
DELA,Tephrosia virginiana,Tephrosia,119.6,138,151,167,186,337,16,species_level
DELA,Wisteria frutescens,Wisteria,82.9,106,118,137.1,188.70000000000005,114,12,species_level
DELA,Wisteria sinensis,Wisteria,76.1,86,95,111.39999999999998,135,242,12,species_level
DELA,Wisteria sp,Wisteria,77.6,90,103,119,159,377,15,genus_level
DSNY,Astragalus reflexus,Astragalus,66,88,114,141,186,2802,26,genus_level
DSNY,Centrosema virginianum,Centrosema,143,184,207.5,229,254.10000000000002,740,14,species_level
DSNY,Chamaecrista fasciculata,Chamaecrista,175,209,225,241,272,4671,22,species_level
DSNY,Chamaecrista nictitans,Chamaecrista,219.3,233,240,249,267.70000000000005,174,10,species_level
DSNY,Chamaecrista sp,Chamaecrista,173,209,226,241,272,4930,22,genus_level
DSNY,Chapmannia floridana,Chapmannia,127.6,147.6,181,223,261.99999999999994,19,5,species_level
DSNY,Chapmannia sp,Chapmannia,127.6,147.6,181,223,261.99999999999994,19,5,genus_level
DSNY,Crotalaria lanceolata,Crotalaria,199.2,215.8,246,248.8,280.4,9,5,species_level
DSNY,Crotalaria purshii,Crotalaria,111.60000000000001,124.8,138,149.5,152.5,4,4,species_level
DSNY,Crotalaria rotundifolia,Crotalaria,53.4,97.8,124,196.2,333.6,55,7,species_level
DSNY,Crotalaria sp,Crotalaria,48.60000000000001,123.6,215,262.59999999999997,333,237,12,genus_level
DSNY,Dalea sp,Dalea,64,120,183,204,269,1869,21,genus_level
DSNY,Desmodium incanum,Desmodium,109.3,165.9,227,269.2,334,44,7,species_level
DSNY,Desmodium sp,Desmodium,183,205,223,242,264,705,15,genus_level
DSNY,Desmodium strictum,Desmodium,270,270,270,270,270,1,1,species_level
DSNY,Desmodium triflorum,Desmodium,183,205,223,242,264,705,15,genus_level
DSNY,Galactia elliottii,Galactia,109.5,131.5,147.5,187,218,36,7,species_level
DSNY,Galactia erecta,Galactia,149.9,151.7,159,167.9,179.3,4,3,species_level
DSNY,Galactia floridana,Galactia,125.6,155.4,193,200.2,217,5,2,species_level
DSNY,Galactia mollis,Galactia,109.69999999999999,152,190.5,210,240.89999999999998,128,9,genus_level
DSNY,Galactia regularis,Galactia,173.4,187.4,201,210,217.6,45,8,species_level
DSNY,Galactia sp,Galactia,109.69999999999999,152,190.5,210,240.89999999999998,128,9,genus_level
DSNY,Galactia volubilis,Galactia,105,169.5,193.5,210.5,224.5,6,3,species_level
DSNY,Indigofera hirsuta,Indigofera,65.8,271,291,316,345.2,37,6,species_level
DSNY,Indigofera sp,Indigofera,95.60000000000001,123,171,233.59999999999997,290.2,469,15,genus_level
DSNY,Lespedeza sp,Lespedeza,198.5,227,240,252,265,636,15,genus_level
DSNY,Lupinus diffusus,Lupinus,54.60000000000001,65,76,91,107.00000000000001,49,9,species_level
DSNY,Lupinus onustus,Lupinus,137,137,137,137,137,1,1,species_level
DSNY,Medicago sp,Medicago,76,134,162,193,250,3203,18,genus_level
DSNY,Mimosa microphylla,Mimosa,124.20000000000002,151.2,164,182,210.79999999999998,133,11,species_level
DSNY,Mimosa quadrivalvis,Mimosa,81.39999999999999,119.80000000000001,146,183.99999999999994,252,49,8,species_level
DSNY,Morella cerifera,Morella,46,62,80,110,300.80000000000007,593,13,species_level
DSNY,Rhynchosia sp,Rhynchosia,106,132,156,220,260,231,13,genus_level
DSNY,Strophostyles umbellata,Strophostyles,198,226,240,251,270,232,12,species_level
DSNY,Tephrosia angustissima,Tephrosia,119.5,139,153,170,197,476,17,genus_level
DSNY,Tephrosia florida,Tephrosia,128.4,144.8,170,184.59999999999997,241.40000000000003,7,5,species_level
DSNY,Tephrosia hispidula,Tephrosia,300,300,300,300,300,1,1,species_level
DSNY,Tephrosia sp,Tephrosia,119.5,139,153,170,197,476,17,genus_level
DSNY,Tephrosia spicata,Tephrosia,137.6,155.9,172.5,189.1,215.00000000000003,44,7,species_level
DSNY,Tephrosia virginiana,Tephrosia,119.6,138,151,167,186,337,16,species_level
GRSM,Albizia julibrissin,Albizia,143,164,181,191,211,770,15,species_level
GRSM,Amphicarpaea bracteata,Amphicarpaea,224,232,238.5,245,253,2412,21,species_level
GRSM,Chamaecrista nictitans,Chamaecrista,219.3,233,240,249,267.70000000000005,174,10,species_level
GRSM,Desmodium nudiflorum,Desmodium,183,205,223,242,264,705,15,genus_level
GRSM,Desmodium paniculatum,Desmodium,215,231.7,244,253,265.2,140,9,species_level
GRSM,Lespedeza procumbens,Lespedeza,209,238,247,253.39999999999998,270,43,4,species_level
GRSM,Lespedeza repens,Lespedeza,132.4,161.89999999999998,205,239,272.3,50,7,species_level
GRSM,Lespedeza violacea,Lespedeza,223.2,234.2,240,244.6,253,15,8,species_level
GRSM,Robinia pseudoacacia,Robinia,93,120,138,152,257.8000000000002,2963,20,species_level
GRSM,Trifolium sp,Trifolium,101,136,162,196,262,16655,23,genus_level
GUAN,Abrus precatorius,Abrus,124.5,191,266.5,281.5,319.5,16,6,species_level
GUAN,Acacia farnesiana,Acacia,40,89.29999999999995,180,272,325.9000000000001,1572,14,genus_level
GUAN,Acacia retusa,Acacia,40,89.29999999999995,180,272,325.9000000000001,1572,14,genus_level
GUAN,Centrosema sp,Centrosema,145,187,212,233.79999999999995,259.20000000000005,805,15,genus_level
GUAN,Centrosema virginianum,Centrosema,143,184,207.5,229,254.10000000000002,740,14,species_level
GUAN,Coursetia caribaea,Coursetia,35.6,72.4,82,102,326.79999999999995,79,8,genus_level
GUAN,Crotalaria lotifolia,Crotalaria,48.60000000000001,123.6,215,262.59999999999997,333,237,12,genus_level
GUAN,Crotalaria sp,Crotalaria,48.60000000000001,123.6,215,262.59999999999997,333,237,12,genus_level
GUAN,Crotalaria trichotoma,Crotalaria,48.60000000000001,123.6,215,262.59999999999997,333,237,12,genus_level
GUAN,Crotalaria verrucosa,Crotalaria,48.60000000000001,123.6,215,262.59999999999997,333,237,12,genus_level
GUAN,Desmodium sp,Desmodium,183,205,223,242,264,705,15,genus_level
GUAN,Desmodium tortuosum,Desmodium,133.8,141.8,169,233,254.39999999999998,5,4,species_level
GUAN,Galactia dubia,Galactia,109.69999999999999,152,190.5,210,240.89999999999998,128,9,genus_level
GUAN,Leucaena leucocephala,Leucaena,59,112.5,117.5,120,295.5,66,10,species_level
GUAN,Pithecellobium dulce,Pithecellobium,42.00000000000001,97.4,105,118.4,180.80000000000004,13,7,species_level
GUAN,Pithecellobium unguis-cati,Pithecellobium,93.30000000000003,151.90000000000003,210.5,269.09999999999997,327.69999999999993,2,2,species_level
GUAN,Poitea florida,Poitea,NA,NA,NA,NA,NA,NA,NA,genus_level
GUAN,Poitea paucifolia,Poitea,NA,NA,NA,NA,NA,NA,NA,genus_level
GUAN,Poitea sp,Poitea,NA,NA,NA,NA,NA,NA,NA,genus_level
GUAN,Prosopis sp,Prosopis,78.30000000000001,186,241,286,339,108,2,species_level
GUAN,Stylosanthes hamata,Stylosanthes,13.799999999999999,29,47,54.6,95.39999999999998,9,3,species_level
GUAN,Tephrosia senna,Tephrosia,119.5,139,153,170,197,476,17,genus_level
GUAN,Teramnus labialis,Teramnus,NA,NA,NA,NA,NA,NA,NA,genus_level
HARV,Alnus serrulata,Alnus,10.400000000000002,51.3,68.5,128.39999999999992,299.29999999999995,52,9,species_level
HARV,Alnus sp,Alnus,72.80000000000001,127,184,234,289.20000000000005,1709,17,genus_level
HARV,Amphicarpaea bracteata,Amphicarpaea,224,232,238.5,245,253,2412,21,species_level
HARV,Apios americana,Apios,172.8,220,228,235,245,1029,18,species_level
HARV,Comptonia peregrina,Comptonia,102.89999999999999,112,118,127,161.40000000000003,50,8,species_level
HARV,Desmodium sp,Desmodium,183,205,223,242,264,705,15,genus_level
HARV,Lespedeza sp,Lespedeza,198.5,227,240,252,265,636,15,genus_level
HARV,Robinia hispida,Robinia,120,141,151,156,175,136,15,species_level
HEAL,Alnus incana,Alnus,102,156,193,233,276,926,15,species_level
HEAL,Alnus viridis,Alnus,107,133,235,268,296,11,3,species_level
JERC,Amorpha fruticosa,Amorpha,105,122,144.5,160,169.7,434,15,species_level
JERC,Amorpha sp,Amorpha,107.10000000000001,141,165,184,218,1072,19,genus_level
JERC,Amphicarpaea bracteata,Amphicarpaea,224,232,238.5,245,253,2412,21,species_level
JERC,Amphicarpaea sp,Amphicarpaea,224,232,238.5,245,253,2412,21,genus_level
JERC,Arachis hypogaea,Arachis,152.50000000000003,179.5,206.5,233.5,260.5,2,2,species_level
JERC,Astragalus crassicarpus,Astragalus,63,82.89999999999999,95.5,130.2,151,94,12,species_level
JERC,Astragalus michauxii,Astragalus,66,88,114,141,186,2802,26,genus_level
JERC,Astragalus reflexus,Astragalus,66,88,114,141,186,2802,26,genus_level
JERC,Ceanothus microphyllus,Ceanothus,58.599999999999994,65.2,72,81,110.79999999999998,19,7,species_level
JERC,Centrosema sp,Centrosema,145,187,212,233.79999999999995,259.20000000000005,805,15,genus_level
JERC,Centrosema virginianum,Centrosema,143,184,207.5,229,254.10000000000002,740,14,species_level
JERC,Chamaecrista fasciculata,Chamaecrista,175,209,225,241,272,4671,22,species_level
JERC,Chamaecrista nictitans,Chamaecrista,219.3,233,240,249,267.70000000000005,174,10,species_level
JERC,Chamaecrista sp,Chamaecrista,173,209,226,241,272,4930,22,genus_level
JERC,Clitoria mariana,Clitoria,156,179,195,209,231,301,13,species_level
JERC,Clitoria sp,Clitoria,153,178,195,209,232,317,13,genus_level
JERC,Crotalaria juncea,Crotalaria,238,238,238,238,238,1,1,species_level
JERC,Crotalaria purshii,Crotalaria,111.60000000000001,124.8,138,149.5,152.5,4,4,species_level
JERC,Crotalaria rotundifolia,Crotalaria,53.4,97.8,124,196.2,333.6,55,7,species_level
JERC,Crotalaria sp,Crotalaria,48.60000000000001,123.6,215,262.59999999999997,333,237,12,genus_level
JERC,Dalea albida,Dalea,64,120,183,204,269,1869,21,genus_level
JERC,Dalea carnea,Dalea,197.39999999999998,207,212,223.79999999999998,239.8,13,7,species_level
JERC,Dalea obovata,Dalea,153,153,153,153,153,1,1,species_level
JERC,Dalea pinnata,Dalea,270.4,276.1,281,284,296.20000000000005,28,7,species_level
JERC,Dalea sp,Dalea,64,120,183,204,269,1869,21,genus_level
JERC,Desmanthus obtusus,Desmanthus,139.2,168,188,201.79999999999998,241.8,113,9,genus_level
JERC,Desmanthus sp,Desmanthus,139.2,168,188,201.79999999999998,241.8,113,9,genus_level
JERC,Desmodium ciliare,Desmodium,239,248.6,249,258.2,275.8,7,4,species_level
JERC,Desmodium cuspidatum,Desmodium,195.3,208.3,234.5,242.7,247,8,4,species_level
JERC,Desmodium floridanum,Desmodium,141.60000000000002,164.8,188,211.2,234.39999999999998,2,2,species_level
JERC,Desmodium glutinosum,Desmodium,174.8,207.6,229,252,277.8,45,3,species_level
JERC,Desmodium incanum,Desmodium,109.3,165.9,227,269.2,334,44,7,species_level
JERC,Desmodium laevigatum,Desmodium,252,252,252,252,252,1,1,species_level
JERC,Desmodium lindheimeri,Desmodium,245.5,267.9,274,281,298.40000000000003,20,8,species_level
JERC,Desmodium lineatum,Desmodium,119,119,119,119,119,1,1,species_level
JERC,Desmodium marilandicum,Desmodium,230.9,242.70000000000002,254.5,266.3,278.09999999999997,2,1,species_level
JERC,Desmodium obtusum,Desmodium,241,241,241,241,241,1,1,species_level
JERC,Desmodium paniculatum,Desmodium,215,231.7,244,253,265.2,140,9,species_level
JERC,Desmodium perplexum,Desmodium,245.5,248.5,253.5,258.5,270.5,6,4,species_level
JERC,Desmodium procumbens,Desmodium,183,205,223,242,264,705,15,genus_level
JERC,Desmodium rotundifolium,Desmodium,203,234,240,244,255,26,6,species_level
JERC,Desmodium sp,Desmodium,183,205,223,242,264,705,15,genus_level
JERC,Desmodium strictum,Desmodium,270,270,270,270,270,1,1,species_level
JERC,Desmodium tenuifolium,Desmodium,232.10000000000002,240.3,248.5,256.7,264.9,2,2,species_level
JERC,Desmodium tortuosum,Desmodium,133.8,141.8,169,233,254.39999999999998,5,4,species_level
JERC,Desmodium triflorum,Desmodium,183,205,223,242,264,705,15,genus_level
JERC,Desmodium viridiflorum,Desmodium,205.60000000000002,228.8,252,255.2,258.4,3,3,species_level
JERC,Erythrina herbacea,Erythrina,73,99,114,122,142,667,17,species_level
JERC,Galactia elliottii,Galactia,109.5,131.5,147.5,187,218,36,7,species_level
JERC,Galactia erecta,Galactia,149.9,151.7,159,167.9,179.3,4,3,species_level
JERC,Galactia floridana,Galactia,125.6,155.4,193,200.2,217,5,2,species_level
JERC,Galactia mollis,Galactia,109.69999999999999,152,190.5,210,240.89999999999998,128,9,genus_level
JERC,Galactia pinetorum,Galactia,109.69999999999999,152,190.5,210,240.89999999999998,128,9,genus_level
JERC,Galactia regularis,Galactia,173.4,187.4,201,210,217.6,45,8,species_level
JERC,Galactia sp,Galactia,109.69999999999999,152,190.5,210,240.89999999999998,128,9,genus_level
JERC,Galactia volubilis,Galactia,105,169.5,193.5,210.5,224.5,6,3,species_level
JERC,Indigofera caroliniana,Indigofera,129.9,149.9,156.5,172.3,182,10,5,species_level
JERC,Indigofera hirsuta,Indigofera,65.8,271,291,316,345.2,37,6,species_level
JERC,Indigofera sp,Indigofera,95.60000000000001,123,171,233.59999999999997,290.2,469,15,genus_level
JERC,Kummerowia striata,Kummerowia,223.2,234.60000000000002,244,252.2,274.4,77,11,species_level
JERC,Lespedeza angustifolia,Lespedeza,224.8,230.4,236,237.6,239.2,3,2,species_level
JERC,Lespedeza bicolor,Lespedeza,184,215.20000000000002,228,251,267.8,29,6,species_level
JERC,Lespedeza capitata,Lespedeza,199,217,225,231,241.7,114,12,species_level
JERC,Lespedeza hirta,Lespedeza,199.89999999999998,211.4,224.5,244.3,263.2,40,7,species_level
JERC,Lespedeza procumbens,Lespedeza,209,238,247,253.39999999999998,270,43,4,species_level
JERC,Lespedeza repens,Lespedeza,132.4,161.89999999999998,205,239,272.3,50,7,species_level
JERC,Lespedeza sp,Lespedeza,198.5,227,240,252,265,636,15,genus_level
JERC,Lespedeza stuevei,Lespedeza,237.5,240.5,242,244.49999999999997,253.5,4,3,species_level
JERC,Lespedeza thunbergii,Lespedeza,250,252,254,258.8,263.6,3,3,species_level
JERC,Lespedeza virginica,Lespedeza,224.60000000000002,236.2,244,253,261.6,105,10,species_level
JERC,Lupinus villosus,Lupinus,72,85,93,98,113.2,39,10,species_level
JERC,Melilotus indicus,Melilotus,69,87,104,119,145.5,386,11,species_level
JERC,Mimosa microphylla,Mimosa,124.20000000000002,151.2,164,182,210.79999999999998,133,11,species_level
JERC,Mimosa quadrivalvis,Mimosa,81.39999999999999,119.80000000000001,146,183.99999999999994,252,49,8,species_level
JERC,Orbexilum lupinellum,Orbexilum,131.1,135.3,144,154.10000000000002,166.70000000000002,4,2,species_level
JERC,Pediomelum canescens,Pediomelum,92,108,135,166,195.60000000000002,353,17,genus_level
JERC,Rhynchosia cinerea,Rhynchosia,108.4,111.19999999999999,114,116.79999999999998,119.6,2,2,species_level
JERC,Rhynchosia difformis,Rhynchosia,121.6,146.8,172,200.8,229.6,3,3,species_level
JERC,Rhynchosia reniformis,Rhynchosia,106.5,124.8,135.5,162.7,226.89999999999998,42,9,species_level
JERC,Rhynchosia sp,Rhynchosia,106,132,156,220,260,231,13,genus_level
JERC,Rhynchosia tomentosa,Rhynchosia,149,156.9,173,191.79999999999998,231.1,24,7,species_level
JERC,Robinia pseudoacacia,Robinia,93,120,138,152,257.8000000000002,2963,20,species_level
JERC,Strophostyles sp,Strophostyles,199,225.2,240,251,273.20000000000005,595,15,genus_level
JERC,Strophostyles umbellata,Strophostyles,198,226,240,251,270,232,12,species_level
JERC,Stylosanthes biflora,Stylosanthes,138.3,158.8,182.5,207.1,249.70000000000002,234,12,species_level
JERC,Tephrosia florida,Tephrosia,128.4,144.8,170,184.59999999999997,241.40000000000003,7,5,species_level
JERC,Tephrosia hispidula,Tephrosia,300,300,300,300,300,1,1,species_level
JERC,Tephrosia sp,Tephrosia,119.5,139,153,170,197,476,17,genus_level
JERC,Tephrosia spicata,Tephrosia,137.6,155.9,172.5,189.1,215.00000000000003,44,7,species_level
JERC,Tephrosia virginiana,Tephrosia,119.6,138,151,167,186,337,16,species_level
JERC,Trifolium dubium,Trifolium,93,118,134,146,167.5,646,11,species_level
JERC,Zornia bracteata,Zornia,119.10000000000001,138.8,153,184.29999999999998,199.29999999999998,8,5,species_level
JORN,Acacia constricta,Acacia,40,89.29999999999995,180,272,325.9000000000001,1572,14,genus_level
JORN,Acacia neovernicosa,Acacia,40,89.29999999999995,180,272,325.9000000000001,1572,14,genus_level
JORN,Astragalus allochrous,Astragalus,71.3,75.9,80.5,85.1,89.7,2,2,species_level
JORN,Astragalus nuttallianus,Astragalus,48.80000000000001,73.2,84.5,96.9,112.49999999999999,88,10,species_level
JORN,Astragalus sp,Astragalus,66,88,114,141,186,2802,26,genus_level
JORN,Astragalus tephrodes,Astragalus,69,84.8,99,112.99999999999997,163.40000000000003,13,4,species_level
JORN,Dalea cylindriceps,Dalea,290,290,290,290,290,1,1,species_level
JORN,Dalea lanata,Dalea,204,209,226,254,268,11,6,species_level
JORN,Dalea nana,Dalea,81.60000000000001,117.4,128,215.99999999999997,262,15,7,species_level
JORN,Dalea pogonathera,Dalea,43,88.6,120,181.19999999999996,261.80000000000007,23,8,species_level
JORN,Dalea sp,Dalea,64,120,183,204,269,1869,21,genus_level
JORN,Desmanthus cooleyi,Desmanthus,145,161.5,181,202,226,6,3,species_level
JORN,Prosopis glandulosa,Prosopis,50.10000000000001,109,158,237,322,1182,12,species_level
JORN,Prosopis pubescens,Prosopis,32.400000000000006,92.2,205,274,332.20000000000005,85,3,species_level
JORN,Prosopis sp,Prosopis,78.30000000000001,186,241,286,339,108,2,species_level
KONA,Amorpha sp,Amorpha,107.10000000000001,141,165,184,218,1072,19,genus_level
KONA,Amphicarpaea bracteata,Amphicarpaea,224,232,238.5,245,253,2412,21,species_level
KONA,Desmodium glutinosum,Desmodium,174.8,207.6,229,252,277.8,45,3,species_level
KONA,Glycine max,Glycine,206.8,212.79999999999998,219,237,252.20000000000002,7,3,species_level
KONA,Kummerowia sp,Kummerowia,224,235.9,243.5,250.1,269.1,94,11,genus_level
KONA,Trifolium incarnatum,Trifolium,80,103,115,129,158,441,15,species_level
KONA,Trifolium pratense,Trifolium,145,166,196,243,280,4765,20,species_level
KONZ,Amorpha canescens,Amorpha,115,172,185,198.7,247,542,17,species_level
KONZ,Amphicarpaea bracteata,Amphicarpaea,224,232,238.5,245,253,2412,21,species_level
KONZ,Astragalus crassicarpus,Astragalus,63,82.89999999999999,95.5,130.2,151,94,12,species_level
KONZ,Astragalus lotiflorus,Astragalus,75,85.5,96,109,130,26,10,species_level
KONZ,Astragalus missouriensis,Astragalus,72,91,108,125.19999999999999,147.4,127,15,species_level
KONZ,Astragalus plattensis,Astragalus,77.10000000000001,96,109,116,118.69999999999999,12,4,species_level
KONZ,Astragalus sp,Astragalus,66,88,114,141,186,2802,26,genus_level
KONZ,Baptisia australis,Baptisia,108,131.5,147,158.5,179,306,14,species_level
KONZ,Baptisia bracteata,Baptisia,83,101.5,125,145,153.5,146,15,species_level
KONZ,Baptisia sp,Baptisia,102,134,155,173,195,1008,17,genus_level
KONZ,Ceanothus americanus,Ceanothus,142.10000000000002,163,175,185,197.89999999999998,672,19,species_level
KONZ,Ceanothus herbaceus,Ceanothus,91,111,146,160,176.8,303,12,species_level
KONZ,Chamaecrista fasciculata,Chamaecrista,175,209,225,241,272,4671,22,species_level
KONZ,Crotalaria sagittalis,Crotalaria,156,187,202,208.9,252.20000000000002,18,7,species_level
KONZ,Dalea candida,Dalea,170,187,194,205,227,209,17,species_level
KONZ,Dalea multiflora,Dalea,178.6,179.79999999999998,187,196.6,212.2,4,3,species_level
KONZ,Dalea purpurea,Dalea,145.60000000000002,183.2,195,208.79999999999995,241.60000000000002,635,18,species_level
KONZ,Dalea sp,Dalea,64,120,183,204,269,1869,21,genus_level
KONZ,Desmanthus illinoensis,Desmanthus,161,178,189,199,226,81,8,species_level
KONZ,Desmodium canescens,Desmodium,207.10000000000002,217.5,229,233.9,253,20,7,species_level
KONZ,Desmodium cuspidatum,Desmodium,195.3,208.3,234.5,242.7,247,8,4,species_level
KONZ,Desmodium glutinosum,Desmodium,174.8,207.6,229,252,277.8,45,3,species_level
KONZ,Desmodium illinoense,Desmodium,182.1,186.7,194,203.79999999999998,209,12,4,species_level
KONZ,Desmodium paniculatum,Desmodium,215,231.7,244,253,265.2,140,9,species_level
KONZ,Desmodium pauciflorum,Desmodium,183,205,223,242,264,705,15,genus_level
KONZ,Desmodium perplexum,Desmodium,245.5,248.5,253.5,258.5,270.5,6,4,species_level
KONZ,Desmodium sessilifolium,Desmodium,188.4,207.2,222,227.2,239.60000000000002,7,5,species_level
KONZ,Glycyrrhiza lepidota,Glycyrrhiza,149,173,184,191,208,101,9,species_level
KONZ,Kummerowia stipulacea,Kummerowia,232.40000000000003,237.79999999999998,243,247,257,17,8,species_level
KONZ,Lespedeza capitata,Lespedeza,199,217,225,231,241.7,114,12,species_level
KONZ,Lespedeza cuneata,Lespedeza,220,241,252,258,268,209,12,species_level
KONZ,Lespedeza frutescens,Lespedeza,221.7,229.6,235.5,236,251.3,8,3,species_level
KONZ,Lespedeza sp,Lespedeza,198.5,227,240,252,265,636,15,genus_level
KONZ,Lespedeza stuevei,Lespedeza,237.5,240.5,242,244.49999999999997,253.5,4,3,species_level
KONZ,Lespedeza violacea,Lespedeza,223.2,234.2,240,244.6,253,15,8,species_level
KONZ,Lespedeza virginica,Lespedeza,224.60000000000002,236.2,244,253,261.6,105,10,species_level
KONZ,Medicago lupulina,Medicago,90,139,158,176,228,1560,16,species_level
KONZ,Melilotus officinalis,Melilotus,145.2,161,173,194,235,1193,19,species_level
KONZ,Mimosa microphylla,Mimosa,124.20000000000002,151.2,164,182,210.79999999999998,133,11,species_level
KONZ,Mimosa nuttallii,Mimosa,121.30000000000001,132.8,144.5,160.1,175.8,34,11,species_level
KONZ,Pediomelum esculentum,Pediomelum,137.7,152.10000000000002,162.5,165.89999999999998,175.90000000000003,38,10,species_level
KONZ,Sophora nuttalliana,Sophora,111.19999999999999,115.8,119,122.2,137,29,9,species_level
KONZ,Strophostyles leiosperma,Strophostyles,179.7,212.4,230,250,277.3,58,9,species_level
KONZ,Trifolium pratense,Trifolium,145,166,196,243,280,4765,20,species_level
LAJA,Abrus precatorius,Abrus,124.5,191,266.5,281.5,319.5,16,6,species_level
LAJA,Acacia farnesiana,Acacia,40,89.29999999999995,180,272,325.9000000000001,1572,14,genus_level
LAJA,Acacia retusa,Acacia,40,89.29999999999995,180,272,325.9000000000001,1572,14,genus_level
LAJA,Aeschynomene americana,Aeschynomene,170.60000000000002,288.2,300,306.8,330.8,7,4,species_level
LAJA,Aeschynomene sensitiva,Aeschynomene,74.79999999999998,189.6,256.5,291.9,311.3,14,6,genus_level
LAJA,Albizia lebbeck,Albizia,275,275,275,275,275,1,1,species_level
LAJA,Albizia procera,Albizia,140,162,181,191,211,787,15,genus_level
LAJA,Albizia sp,Albizia,140,162,181,191,211,787,15,genus_level
LAJA,Alysicarpus vaginalis,Alysicarpus,120.2,135.4,188,262.4,273.2,7,3,species_level
LAJA,Andira inermis,Andira,NA,NA,NA,NA,NA,NA,NA,genus_level
LAJA,Cajanus cajan,Cajanus,109,109,109,109,109,1,1,species_level
LAJA,Calopogonium caeruleum,Calopogonium,NA,NA,NA,NA,NA,NA,NA,genus_level
LAJA,Centrosema virginianum,Centrosema,143,184,207.5,229,254.10000000000002,740,14,species_level
LAJA,Crotalaria sp,Crotalaria,48.60000000000001,123.6,215,262.59999999999997,333,237,12,genus_level
LAJA,Desmanthus sp,Desmanthus,139.2,168,188,201.79999999999998,241.8,113,9,genus_level
LAJA,Desmanthus virgatus,Desmanthus,116.7,121.3,135.5,156.89999999999998,175.3,8,5,species_level
LAJA,Desmodium incanum,Desmodium,109.3,165.9,227,269.2,334,44,7,species_level
LAJA,Desmodium sp,Desmodium,183,205,223,242,264,705,15,genus_level
LAJA,Desmodium triflorum,Desmodium,183,205,223,242,264,705,15,genus_level
LAJA,Galactia striata,Galactia,51.6,100.4,157,262.5,336.8,14,5,species_level
LAJA,Indigofera hirsuta,Indigofera,65.8,271,291,316,345.2,37,6,species_level
LAJA,Indigofera sp,Indigofera,95.60000000000001,123,171,233.59999999999997,290.2,469,15,genus_level
LAJA,Leucaena leucocephala,Leucaena,59,112.5,117.5,120,295.5,66,10,species_level
LAJA,Macroptilium atropurpureum,Macroptilium,22,147,242,282,319,21,10,species_level
LAJA,Macroptilium lathyroides,Macroptilium,102.5,199.5,238.5,286,336.80000000000007,58,9,species_level
LAJA,Mimosa pellita,Mimosa,98,117,141,186.29999999999995,262.1,1090,21,genus_level
LAJA,Mimosa pudica,Mimosa,201,237,295,348.1,354.7,4,4,species_level
LAJA,Mimosa sp,Mimosa,98,117,141,186.29999999999995,262.1,1090,21,genus_level
LAJA,Neptunia plena,Neptunia,80.30000000000001,128.9,177.5,226.1,274.7,2,2,species_level
LAJA,Pithecellobium dulce,Pithecellobium,42.00000000000001,97.4,105,118.4,180.80000000000004,13,7,species_level
LAJA,Pithecellobium unguis-cati,Pithecellobium,93.30000000000003,151.90000000000003,210.5,269.09999999999997,327.69999999999993,2,2,species_level
LAJA,Rhynchosia minima,Rhynchosia,118.2,171.2,242,260,280.2,49,8,species_level
LAJA,Rhynchosia reticulata,Rhynchosia,106,132,156,220,260,231,13,genus_level
LAJA,Samanea saman,Samanea,NA,NA,NA,NA,NA,NA,NA,genus_level
LAJA,Sesbania sesban,Sesbania,123.9,184.7,226,242,260.1,350,13,genus_level
LAJA,Sesbania sp,Sesbania,123.9,184.7,226,242,260.1,350,13,genus_level
LAJA,Stylosanthes hamata,Stylosanthes,13.799999999999999,29,47,54.6,95.39999999999998,9,3,species_level
LAJA,Teramnus labialis,Teramnus,NA,NA,NA,NA,NA,NA,NA,genus_level
LENO,Albizia julibrissin,Albizia,143,164,181,191,211,770,15,species_level
LENO,Amorpha fruticosa,Amorpha,105,122,144.5,160,169.7,434,15,species_level
LENO,Amorpha sp,Amorpha,107.10000000000001,141,165,184,218,1072,19,genus_level
LENO,Amphicarpaea bracteata,Amphicarpaea,224,232,238.5,245,253,2412,21,species_level
LENO,Apios americana,Apios,172.8,220,228,235,245,1029,18,species_level
LENO,Clitoria mariana,Clitoria,156,179,195,209,231,301,13,species_level
LENO,Crotalaria sp,Crotalaria,48.60000000000001,123.6,215,262.59999999999997,333,237,12,genus_level
LENO,Desmodium canescens,Desmodium,207.10000000000002,217.5,229,233.9,253,20,7,species_level
LENO,Desmodium paniculatum,Desmodium,215,231.7,244,253,265.2,140,9,species_level
LENO,Desmodium pauciflorum,Desmodium,183,205,223,242,264,705,15,genus_level
LENO,Desmodium perplexum,Desmodium,245.5,248.5,253.5,258.5,270.5,6,4,species_level
LENO,Desmodium rotundifolium,Desmodium,203,234,240,244,255,26,6,species_level
LENO,Desmodium sp,Desmodium,183,205,223,242,264,705,15,genus_level
LENO,Dioclea multiflora,Dioclea,NA,NA,NA,NA,NA,NA,NA,genus_level
LENO,Elaeagnus pungens,Elaeagnus,272.3,287.9,297,321,342,144,12,species_level
LENO,Elaeagnus umbellata,Elaeagnus,98,115,125,138,149,1191,18,species_level
LENO,Lespedeza hirta,Lespedeza,199.89999999999998,211.4,224.5,244.3,263.2,40,7,species_level
LENO,Lespedeza procumbens,Lespedeza,209,238,247,253.39999999999998,270,43,4,species_level
LENO,Lespedeza sp,Lespedeza,198.5,227,240,252,265,636,15,genus_level
LENO,Sesbania herbacea,Sesbania,213.6,233.39999999999998,244,252.79999999999998,281.20000000000005,109,10,species_level
MLBS,Amphicarpaea bracteata,Amphicarpaea,224,232,238.5,245,253,2412,21,species_level
MLBS,Desmodium laevigatum,Desmodium,252,252,252,252,252,1,1,species_level
MLBS,Desmodium nudiflorum,Desmodium,183,205,223,242,264,705,15,genus_level
MLBS,Desmodium paniculatum,Desmodium,215,231.7,244,253,265.2,140,9,species_level
MLBS,Elaeagnus umbellata,Elaeagnus,98,115,125,138,149,1191,18,species_level
MLBS,Lespedeza repens,Lespedeza,132.4,161.89999999999998,205,239,272.3,50,7,species_level
MLBS,Robinia pseudoacacia,Robinia,93,120,138,152,257.8000000000002,2963,20,species_level
MOAB,Astragalus sp,Astragalus,66,88,114,141,186,2802,26,genus_level
MOAB,Cercocarpus montanus,Cercocarpus,42,116.8,162,233.39999999999998,319,237,10,species_level
MOAB,Hedysarum boreale,Hedysarum,146.2,152.6,161,178.39999999999998,195,83,11,species_level
MOAB,Lupinus brevicaulis,Lupinus,117,135.39999999999998,142.5,148.20000000000002,158.8,24,8,species_level
MOAB,Lupinus sp,Lupinus,64,83,100,119,166,14875,32,genus_level
MOAB,Phaseolus acutifolius,Phaseolus,229.79999999999998,240.39999999999998,242,251.6,262.4,5,4,species_level
MOAB,Purshia sp,Purshia,101,136,157,195,257,1161,17,genus_level
MOAB,Purshia stansburiana,Purshia,42.5,87,122.5,185,289.5,96,6,species_level
MOAB,Purshia tridentata,Purshia,115,142,161,199.39999999999998,254,893,17,species_level
NIWO,Dryas octopetala,Dryas,157.10000000000002,173,183,192.7,204,92,18,genus_level
NIWO,Lupinus argenteus,Lupinus,138.7,162.10000000000002,179.5,202.9,237.20000000000005,158,13,species_level
NIWO,Thermopsis divaricarpa,Thermopsis,119.5,122.5,125.5,128.5,131.5,2,2,species_level
NIWO,Trifolium dasyphyllum,Trifolium,173.60000000000002,185,188,197,208,39,10,species_level
NIWO,Trifolium nanum,Trifolium,169,180,187.5,194.89999999999998,203.60000000000002,78,10,species_level
NIWO,Trifolium parryi,Trifolium,183.70000000000002,184.3,189,204.5,212.39999999999998,8,5,species_level
NIWO,Trifolium sp,Trifolium,101,136,162,196,262,16655,23,genus_level
NOGP,Amorpha canescens,Amorpha,115,172,185,198.7,247,542,17,species_level
NOGP,Amorpha nana,Amorpha,154,160.5,168.5,179.5,181.5,16,5,species_level
NOGP,Amorpha sp,Amorpha,107.10000000000001,141,165,184,218,1072,19,genus_level
NOGP,Astragalus agrestis,Astragalus,143.6,149.8,158,163,173,47,10,species_level
NOGP,Astragalus canadensis,Astragalus,172,190,197.5,204.8,222.39999999999998,88,15,species_level
NOGP,Astragalus cicer,Astragalus,168.8,183.60000000000002,196,209.2,223.39999999999998,29,7,species_level
NOGP,Astragalus crassicarpus,Astragalus,63,82.89999999999999,95.5,130.2,151,94,12,species_level
NOGP,Astragalus flexuosus,Astragalus,161,165.2,173,192.5,204.3,8,6,species_level
NOGP,Astragalus sp,Astragalus,66,88,114,141,186,2802,26,genus_level
NOGP,Dalea purpurea,Dalea,145.60000000000002,183.2,195,208.79999999999995,241.60000000000002,635,18,species_level
NOGP,Elaeagnus angustifolia,Elaeagnus,108.6,136,159,169.2,289.4,187,12,species_level
NOGP,Glycyrrhiza lepidota,Glycyrrhiza,149,173,184,191,208,101,9,species_level
NOGP,Lotus corniculatus,Lotus,156,170.19999999999993,185,207,241,3375,21,species_level
NOGP,Lotus sp,Lotus,156,171,185,208,242,3620,21,genus_level
NOGP,Lotus unifoliolatus,Lotus,156,171,185,208,242,3620,21,genus_level
NOGP,Medicago lupulina,Medicago,90,139,158,176,228,1560,16,species_level
NOGP,Medicago sativa,Medicago,96,162.89999999999998,193,224,272,1264,16,species_level
NOGP,Melilotus officinalis,Melilotus,145.2,161,173,194,235,1193,19,species_level
NOGP,Pediomelum argophyllum,Pediomelum,181,188,193,199.4,212.00000000000003,53,13,species_level
NOGP,Pediomelum esculentum,Pediomelum,137.7,152.10000000000002,162.5,165.89999999999998,175.90000000000003,38,10,species_level
NOGP,Securigera varia,Securigera,158,170,184,210,258,1986,19,species_level
NOGP,Trifolium pratense,Trifolium,145,166,196,243,280,4765,20,species_level
NOGP,Trifolium repens,Trifolium,91,138,163,199,274,5555,18,species_level
NOGP,Trifolium sp,Trifolium,101,136,162,196,262,16655,23,genus_level
NOGP,Vicia americana,Vicia,137,153,169,184,200.7,414,15,species_level
OAES,Acacia angustissima,Acacia,40,89.29999999999995,180,272,325.9000000000001,1572,14,genus_level
OAES,Acacia sp,Acacia,40,89.29999999999995,180,272,325.9000000000001,1572,14,genus_level
OAES,Astragalus crassicarpus,Astragalus,63,82.89999999999999,95.5,130.2,151,94,12,species_level
OAES,Astragalus distortus,Astragalus,55.800000000000004,72.7,80.5,88.1,113,20,6,species_level
OAES,Astragalus michauxii,Astragalus,66,88,114,141,186,2802,26,genus_level
OAES,Astragalus missouriensis,Astragalus,72,91,108,125.19999999999999,147.4,127,15,species_level
OAES,Astragalus mollissimus,Astragalus,75,87,96,109.8,147.00000000000006,105,13,species_level
OAES,Astragalus nuttallianus,Astragalus,48.80000000000001,73.2,84.5,96.9,112.49999999999999,88,10,species_level
OAES,Astragalus plattensis,Astragalus,77.10000000000001,96,109,116,118.69999999999999,12,4,species_level
OAES,Astragalus sp,Astragalus,66,88,114,141,186,2802,26,genus_level
OAES,Ceanothus americanus,Ceanothus,142.10000000000002,163,175,185,197.89999999999998,672,19,species_level
OAES,Ceanothus herbaceus,Ceanothus,91,111,146,160,176.8,303,12,species_level
OAES,Clitoria mariana,Clitoria,156,179,195,209,231,301,13,species_level
OAES,Dalea aurea,Dalea,138.10000000000002,158,168,189.79999999999998,230.80000000000004,30,8,species_level
OAES,Dalea candida,Dalea,170,187,194,205,227,209,17,species_level
OAES,Dalea enneandra,Dalea,158.8,170.60000000000002,189,189,211.8,5,2,species_level
OAES,Dalea multiflora,Dalea,178.6,179.79999999999998,187,196.6,212.2,4,3,species_level
OAES,Dalea purpurea,Dalea,145.60000000000002,183.2,195,208.79999999999995,241.60000000000002,635,18,species_level
OAES,Dalea sp,Dalea,64,120,183,204,269,1869,21,genus_level
OAES,Desmanthus illinoensis,Desmanthus,161,178,189,199,226,81,8,species_level
OAES,Desmanthus leptolobus,Desmanthus,111.1,123.30000000000001,135.5,147.7,159.89999999999998,2,2,species_level
OAES,Desmanthus sp,Desmanthus,139.2,168,188,201.79999999999998,241.8,113,9,genus_level
OAES,Lotus sp,Lotus,156,171,185,208,242,3620,21,genus_level
OAES,Medicago minima,Medicago,75.5,84.9,95,104.1,116.7,24,9,species_level
OAES,Melilotus officinalis,Melilotus,145.2,161,173,194,235,1193,19,species_level
OAES,Melilotus sp,Melilotus,112,165,186,207,254,3402,22,genus_level
OAES,Mimosa borealis,Mimosa,92,102,106,116,135,256,12,species_level
OAES,Mimosa nuttallii,Mimosa,121.30000000000001,132.8,144.5,160.1,175.8,34,11,species_level
OAES,Pediomelum cuspidatum,Pediomelum,94.2,109.4,120,133.59999999999997,167.60000000000002,13,6,species_level
OAES,Pediomelum rhombifolium,Pediomelum,88.19999999999999,112.80000000000001,123,148.8,171,43,9,species_level
OAES,Pediomelum sp,Pediomelum,92,108,135,166,195.60000000000002,353,17,genus_level
OAES,Strophostyles sp,Strophostyles,199,225.2,240,251,273.20000000000005,595,15,genus_level
OAES,Vicia sp,Vicia,84,118,145,170,203,4697,22,genus_level
OAES,Vicia villosa,Vicia,94.9,121,144,162,190,990,18,species_level
ONAQ,Astragalus sp,Astragalus,66,88,114,141,186,2802,26,genus_level
ONAQ,Lathyrus brachycalyx,Lathyrus,91.4,117,121,121.8,138.2,5,5,species_level
ONAQ,Onobrychis viciifolia,Onobrychis,156.4,173.8,184,197.79999999999998,226.4,33,8,species_level
ONAQ,Purshia sp,Purshia,101,136,157,195,257,1161,17,genus_level
ONAQ,Purshia stansburiana,Purshia,42.5,87,122.5,185,289.5,96,6,species_level
ONAQ,Purshia tridentata,Purshia,115,142,161,199.39999999999998,254,893,17,species_level
ONAQ,Vicia americana,Vicia,137,153,169,184,200.7,414,15,species_level
ORNL,Albizia julibrissin,Albizia,143,164,181,191,211,770,15,species_level
ORNL,Amphicarpaea bracteata,Amphicarpaea,224,232,238.5,245,253,2412,21,species_level
ORNL,Ceanothus americanus,Ceanothus,142.10000000000002,163,175,185,197.89999999999998,672,19,species_level
ORNL,Chamaecrista fasciculata,Chamaecrista,175,209,225,241,272,4671,22,species_level
ORNL,Clitoria mariana,Clitoria,156,179,195,209,231,301,13,species_level
ORNL,Crotalaria sagittalis,Crotalaria,156,187,202,208.9,252.20000000000002,18,7,species_level
ORNL,Desmodium canescens,Desmodium,207.10000000000002,217.5,229,233.9,253,20,7,species_level
ORNL,Desmodium ciliare,Desmodium,239,248.6,249,258.2,275.8,7,4,species_level
ORNL,Desmodium laevigatum,Desmodium,252,252,252,252,252,1,1,species_level
ORNL,Desmodium marilandicum,Desmodium,230.9,242.70000000000002,254.5,266.3,278.09999999999997,2,1,species_level
ORNL,Desmodium nudiflorum,Desmodium,183,205,223,242,264,705,15,genus_level
ORNL,Desmodium paniculatum,Desmodium,215,231.7,244,253,265.2,140,9,species_level
ORNL,Desmodium pauciflorum,Desmodium,183,205,223,242,264,705,15,genus_level
ORNL,Desmodium rotundifolium,Desmodium,203,234,240,244,255,26,6,species_level
ORNL,Desmodium sp,Desmodium,183,205,223,242,264,705,15,genus_level
ORNL,Desmodium viridiflorum,Desmodium,205.60000000000002,228.8,252,255.2,258.4,3,3,species_level
ORNL,Elaeagnus umbellata,Elaeagnus,98,115,125,138,149,1191,18,species_level
ORNL,Kummerowia striata,Kummerowia,223.2,234.60000000000002,244,252.2,274.4,77,11,species_level
ORNL,Lespedeza bicolor,Lespedeza,184,215.20000000000002,228,251,267.8,29,6,species_level
ORNL,Lespedeza cuneata,Lespedeza,220,241,252,258,268,209,12,species_level
ORNL,Lespedeza frutescens,Lespedeza,221.7,229.6,235.5,236,251.3,8,3,species_level
ORNL,Lespedeza procumbens,Lespedeza,209,238,247,253.39999999999998,270,43,4,species_level
ORNL,Lespedeza repens,Lespedeza,132.4,161.89999999999998,205,239,272.3,50,7,species_level
ORNL,Lespedeza sp,Lespedeza,198.5,227,240,252,265,636,15,genus_level
ORNL,Lespedeza violacea,Lespedeza,223.2,234.2,240,244.6,253,15,8,species_level
ORNL,Lespedeza virginica,Lespedeza,224.60000000000002,236.2,244,253,261.6,105,10,species_level
ORNL,Pueraria montana,Pueraria,56,131.9,199,245,294.70000000000005,724,12,species_level
ORNL,Robinia pseudoacacia,Robinia,93,120,138,152,257.8000000000002,2963,20,species_level
ORNL,Securigera varia,Securigera,158,170,184,210,258,1986,19,species_level
ORNL,Trifolium campestre,Trifolium,100,126,147,173,207.20000000000005,725,14,species_level
ORNL,Trifolium pratense,Trifolium,145,166,196,243,280,4765,20,species_level
ORNL,Trifolium repens,Trifolium,91,138,163,199,274,5555,18,species_level
ORNL,Trifolium sp,Trifolium,101,136,162,196,262,16655,23,genus_level
ORNL,Vicia sativa,Vicia,68,96,116,127,146,1207,16,species_level
ORNL,Vicia villosa,Vicia,94.9,121,144,162,190,990,18,species_level
OSBS,Aeschynomene sp,Aeschynomene,74.79999999999998,189.6,256.5,291.9,311.3,14,6,genus_level
OSBS,Aeschynomene viscidula,Aeschynomene,74.79999999999998,189.6,256.5,291.9,311.3,14,6,genus_level
OSBS,Amphicarpaea sp,Amphicarpaea,224,232,238.5,245,253,2412,21,genus_level
OSBS,Astragalus reflexus,Astragalus,66,88,114,141,186,2802,26,genus_level
OSBS,Ceanothus connivens,Ceanothus,52,96,133,165,205,5161,24,genus_level
OSBS,Centrosema sp,Centrosema,145,187,212,233.79999999999995,259.20000000000005,805,15,genus_level
OSBS,Centrosema virginianum,Centrosema,143,184,207.5,229,254.10000000000002,740,14,species_level
OSBS,Chamaecrista nictitans,Chamaecrista,219.3,233,240,249,267.70000000000005,174,10,species_level
OSBS,Chapmannia floridana,Chapmannia,127.6,147.6,181,223,261.99999999999994,19,5,species_level
OSBS,Chapmannia sp,Chapmannia,127.6,147.6,181,223,261.99999999999994,19,5,genus_level
OSBS,Clitoria mariana,Clitoria,156,179,195,209,231,301,13,species_level
OSBS,Crotalaria lanceolata,Crotalaria,199.2,215.8,246,248.8,280.4,9,5,species_level
OSBS,Crotalaria purshii,Crotalaria,111.60000000000001,124.8,138,149.5,152.5,4,4,species_level
OSBS,Crotalaria rotundifolia,Crotalaria,53.4,97.8,124,196.2,333.6,55,7,species_level
OSBS,Crotalaria sp,Crotalaria,48.60000000000001,123.6,215,262.59999999999997,333,237,12,genus_level
OSBS,Dalea carnea,Dalea,197.39999999999998,207,212,223.79999999999998,239.8,13,7,species_level
OSBS,Dalea pinnata,Dalea,270.4,276.1,281,284,296.20000000000005,28,7,species_level
OSBS,Dalea sp,Dalea,64,120,183,204,269,1869,21,genus_level
OSBS,Desmodium ciliare,Desmodium,239,248.6,249,258.2,275.8,7,4,species_level
OSBS,Desmodium floridanum,Desmodium,141.60000000000002,164.8,188,211.2,234.39999999999998,2,2,species_level
OSBS,Desmodium lineatum,Desmodium,119,119,119,119,119,1,1,species_level
OSBS,Desmodium obtusum,Desmodium,241,241,241,241,241,1,1,species_level
OSBS,Desmodium sp,Desmodium,183,205,223,242,264,705,15,genus_level
OSBS,Desmodium strictum,Desmodium,270,270,270,270,270,1,1,species_level
OSBS,Desmodium tenuifolium,Desmodium,232.10000000000002,240.3,248.5,256.7,264.9,2,2,species_level
OSBS,Desmodium viridiflorum,Desmodium,205.60000000000002,228.8,252,255.2,258.4,3,3,species_level
OSBS,Galactia elliottii,Galactia,109.5,131.5,147.5,187,218,36,7,species_level
OSBS,Galactia erecta,Galactia,149.9,151.7,159,167.9,179.3,4,3,species_level
OSBS,Galactia floridana,Galactia,125.6,155.4,193,200.2,217,5,2,species_level
OSBS,Galactia mollis,Galactia,109.69999999999999,152,190.5,210,240.89999999999998,128,9,genus_level
OSBS,Galactia regularis,Galactia,173.4,187.4,201,210,217.6,45,8,species_level
OSBS,Galactia sp,Galactia,109.69999999999999,152,190.5,210,240.89999999999998,128,9,genus_level
OSBS,Galactia volubilis,Galactia,105,169.5,193.5,210.5,224.5,6,3,species_level
OSBS,Lespedeza hirta,Lespedeza,199.89999999999998,211.4,224.5,244.3,263.2,40,7,species_level
OSBS,Lespedeza procumbens,Lespedeza,209,238,247,253.39999999999998,270,43,4,species_level
OSBS,Lespedeza repens,Lespedeza,132.4,161.89999999999998,205,239,272.3,50,7,species_level
OSBS,Lespedeza sp,Lespedeza,198.5,227,240,252,265,636,15,genus_level
OSBS,Mimosa microphylla,Mimosa,124.20000000000002,151.2,164,182,210.79999999999998,133,11,species_level
OSBS,Mimosa quadrivalvis,Mimosa,81.39999999999999,119.80000000000001,146,183.99999999999994,252,49,8,species_level
OSBS,Morella cerifera,Morella,46,62,80,110,300.80000000000007,593,13,species_level
OSBS,Pediomelum canescens,Pediomelum,92,108,135,166,195.60000000000002,353,17,genus_level
OSBS,Rhynchosia cinerea,Rhynchosia,108.4,111.19999999999999,114,116.79999999999998,119.6,2,2,species_level
OSBS,Rhynchosia difformis,Rhynchosia,121.6,146.8,172,200.8,229.6,3,3,species_level
OSBS,Rhynchosia reniformis,Rhynchosia,106.5,124.8,135.5,162.7,226.89999999999998,42,9,species_level
OSBS,Rhynchosia sp,Rhynchosia,106,132,156,220,260,231,13,genus_level
OSBS,Rhynchosia tomentosa,Rhynchosia,149,156.9,173,191.79999999999998,231.1,24,7,species_level
OSBS,Sophora nuttalliana,Sophora,111.19999999999999,115.8,119,122.2,137,29,9,species_level
OSBS,Strophostyles umbellata,Strophostyles,198,226,240,251,270,232,12,species_level
OSBS,Stylosanthes biflora,Stylosanthes,138.3,158.8,182.5,207.1,249.70000000000002,234,12,species_level
OSBS,Tephrosia chrysophylla,Tephrosia,161,190.5,222.5,251,305,6,5,species_level
OSBS,Tephrosia florida,Tephrosia,128.4,144.8,170,184.59999999999997,241.40000000000003,7,5,species_level
OSBS,Tephrosia sp,Tephrosia,119.5,139,153,170,197,476,17,genus_level
OSBS,Tephrosia spicata,Tephrosia,137.6,155.9,172.5,189.1,215.00000000000003,44,7,species_level
OSBS,Tephrosia virginiana,Tephrosia,119.6,138,151,167,186,337,16,species_level
OSBS,Vicia floridana,Vicia,45,45,55,65.69999999999999,69.9,4,4,species_level
PUUM,Acacia koa,Acacia,40,89.29999999999995,180,272,325.9000000000001,1572,14,genus_level
RMNP,Astragalus canadensis,Astragalus,172,190,197.5,204.8,222.39999999999998,88,15,species_level
RMNP,Astragalus laxmannii,Astragalus,162,166,177,188.8,206.40000000000003,45,10,species_level
RMNP,Astragalus sp,Astragalus,66,88,114,141,186,2802,26,genus_level
RMNP,Astragalus tenellus,Astragalus,148.6,162.2,166,169.8,187.39999999999998,9,5,species_level
RMNP,Ceanothus fendleri,Ceanothus,119.20000000000002,169,178.5,196.89999999999998,243.60000000000002,118,11,species_level
RMNP,Ceanothus velutinus,Ceanothus,94.20000000000002,154,171,191,270,682,16,species_level
RMNP,Lupinus argenteus,Lupinus,138.7,162.10000000000002,179.5,202.9,237.20000000000005,158,13,species_level
RMNP,Lupinus sp,Lupinus,64,83,100,119,166,14875,32,genus_level
RMNP,Oxytropis lambertii,Oxytropis,117.9,135.7,156,177,199.5,70,12,species_level
RMNP,Oxytropis multiceps,Oxytropis,136,143.5,152,158.5,166,6,3,species_level
RMNP,Purshia tridentata,Purshia,115,142,161,199.39999999999998,254,893,17,species_level
RMNP,Shepherdia canadensis,Shepherdia,98.4,119,125,138,152,235,13,species_level
RMNP,Thermopsis divaricarpa,Thermopsis,119.5,122.5,125.5,128.5,131.5,2,2,species_level
SCBI,Acacia macracantha,Acacia,40,89.29999999999995,180,272,325.9000000000001,1572,14,genus_level
SCBI,Amphicarpaea bracteata,Amphicarpaea,224,232,238.5,245,253,2412,21,species_level
SCBI,Chamaecrista sp,Chamaecrista,173,209,226,241,272,4930,22,genus_level
SCBI,Desmodium canadense,Desmodium,187,197,207,219,236,294,14,species_level
SCBI,Desmodium canescens,Desmodium,207.10000000000002,217.5,229,233.9,253,20,7,species_level
SCBI,Desmodium nudiflorum,Desmodium,183,205,223,242,264,705,15,genus_level
SCBI,Desmodium paniculatum,Desmodium,215,231.7,244,253,265.2,140,9,species_level
SCBI,Desmodium sp,Desmodium,183,205,223,242,264,705,15,genus_level
SCBI,Elaeagnus umbellata,Elaeagnus,98,115,125,138,149,1191,18,species_level
SCBI,Kummerowia striata,Kummerowia,223.2,234.60000000000002,244,252.2,274.4,77,11,species_level
SCBI,Lathyrus aphaca,Lathyrus,125.80000000000001,138,145,147,153.6,15,6,species_level
SCBI,Lespedeza cuneata,Lespedeza,220,241,252,258,268,209,12,species_level
SCBI,Medicago lupulina,Medicago,90,139,158,176,228,1560,16,species_level
SCBI,Melilotus officinalis,Melilotus,145.2,161,173,194,235,1193,19,species_level
SCBI,Melilotus sp,Melilotus,112,165,186,207,254,3402,22,genus_level
SCBI,Robinia pseudoacacia,Robinia,93,120,138,152,257.8000000000002,2963,20,species_level
SCBI,Trifolium arvense,Trifolium,145.7,176,193,214,249.3,478,10,species_level
SCBI,Trifolium campestre,Trifolium,100,126,147,173,207.20000000000005,725,14,species_level
SCBI,Trifolium pratense,Trifolium,145,166,196,243,280,4765,20,species_level
SCBI,Trifolium repens,Trifolium,91,138,163,199,274,5555,18,species_level
SCBI,Trifolium sp,Trifolium,101,136,162,196,262,16655,23,genus_level
SCBI,Vicia sativa,Vicia,68,96,116,127,146,1207,16,species_level
SCBI,Vicia sp,Vicia,84,118,145,170,203,4697,22,genus_level
SCBI,Vicia tetrasperma,Vicia,89,121,152,161,174,51,9,species_level
SERC,Albizia julibrissin,Albizia,143,164,181,191,211,770,15,species_level
SERC,Amphicarpaea bracteata,Amphicarpaea,224,232,238.5,245,253,2412,21,species_level
SERC,Desmodium glutinosum,Desmodium,174.8,207.6,229,252,277.8,45,3,species_level
SERC,Desmodium incanum,Desmodium,109.3,165.9,227,269.2,334,44,7,species_level
SERC,Desmodium nudiflorum,Desmodium,183,205,223,242,264,705,15,genus_level
SERC,Desmodium sp,Desmodium,183,205,223,242,264,705,15,genus_level
SERC,Elaeagnus umbellata,Elaeagnus,98,115,125,138,149,1191,18,species_level
SERC,Glycine max,Glycine,206.8,212.79999999999998,219,237,252.20000000000002,7,3,species_level
SERC,Kummerowia striata,Kummerowia,223.2,234.60000000000002,244,252.2,274.4,77,11,species_level
SERC,Lespedeza cuneata,Lespedeza,220,241,252,258,268,209,12,species_level
SERC,Lespedeza sp,Lespedeza,198.5,227,240,252,265,636,15,genus_level
SERC,Robinia pseudoacacia,Robinia,93,120,138,152,257.8000000000002,2963,20,species_level
SERC,Trifolium pratense,Trifolium,145,166,196,243,280,4765,20,species_level
SERC,Trifolium repens,Trifolium,91,138,163,199,274,5555,18,species_level
SERC,Vicia sativa,Vicia,68,96,116,127,146,1207,16,species_level
SERC,Vicia sp,Vicia,84,118,145,170,203,4697,22,genus_level
SJER,Ceanothus cuneatus,Ceanothus,40,61,77,93,117,421,18,species_level
SJER,Ceanothus gloriosus,Ceanothus,45,84,95,118,133,21,9,species_level
SJER,Ceanothus leucodermis,Ceanothus,85,106.6,116,125,145.8,193,14,species_level
SJER,Desmodium glutinosum,Desmodium,174.8,207.6,229,252,277.8,45,3,species_level
SJER,Lotus micranthus,Lotus,156,171,185,208,242,3620,21,genus_level
SJER,Lotus sp,Lotus,156,171,185,208,242,3620,21,genus_level
SJER,Lotus strigosus,Lotus,156,171,185,208,242,3620,21,genus_level
SJER,Lotus unifoliolatus,Lotus,156,171,185,208,242,3620,21,genus_level
SJER,Lotus wrangelianus,Lotus,156,171,185,208,242,3620,21,genus_level
SJER,Lupinus albifrons,Lupinus,51.3,77.79999999999998,99,117,145.70000000000002,254,16,species_level
SJER,Lupinus benthamii,Lupinus,77,80.2,92,114.79999999999998,122.19999999999999,15,7,species_level
SJER,Lupinus bicolor,Lupinus,74,89,105.5,118.89999999999998,142.30000000000007,618,16,species_level
SJER,Lupinus formosus,Lupinus,113,136.3,183.5,254.39999999999992,305.00000000000006,72,10,species_level
SJER,Lupinus nanus,Lupinus,73.2,90,102,112.19999999999999,129.4,207,15,species_level
SJER,Lupinus sp,Lupinus,64,83,100,119,166,14875,32,genus_level
SJER,Trifolium ciliolatum,Trifolium,101.4,113,118,123.39999999999998,140.8,53,9,species_level
SJER,Trifolium hirtum,Trifolium,97,112,120,130.59999999999997,147,419,15,species_level
SJER,Trifolium longipes,Trifolium,140,162,173,181,216,51,10,species_level
SJER,Trifolium macrocephalum,Trifolium,99.1,114.30000000000001,119.5,131,148.9,92,13,species_level
SJER,Trifolium microcephalum,Trifolium,100,114,126.5,146.79999999999998,159,58,10,species_level
SJER,Trifolium obtusiflorum,Trifolium,129.6,144.4,169,177.20000000000002,254.20000000000002,17,6,species_level
SJER,Trifolium pratense,Trifolium,145,166,196,243,280,4765,20,species_level
SJER,Trifolium sp,Trifolium,101,136,162,196,262,16655,23,genus_level
SJER,Trifolium subterraneum,Trifolium,86,105,116,122,135,769,13,species_level
SJER,Trifolium variegatum,Trifolium,90.7,108.1,122.5,146.9,171.6,128,12,species_level
SJER,Trifolium willdenovii,Trifolium,85,102.9,113,125.09999999999997,149.7,514,14,species_level
SOAP,Ceanothus cuneatus,Ceanothus,40,61,77,93,117,421,18,species_level
SOAP,Ceanothus diversifolius,Ceanothus,92.79999999999998,106.4,120,121.6,123.19999999999999,3,3,species_level
SOAP,Ceanothus integerrimus,Ceanothus,111.2,136,150,160.39999999999998,176,253,14,species_level
SOAP,Ceanothus leucodermis,Ceanothus,85,106.6,116,125,145.8,193,14,species_level
SOAP,Ceanothus sp,Ceanothus,52,96,133,165,205,5161,24,genus_level
SOAP,Cercocarpus montanus,Cercocarpus,42,116.8,162,233.39999999999998,319,237,10,species_level
SOAP,Chamaebatia foliolosa,Chamaebatia,116.7,140.29999999999998,151,168,222.10000000000002,58,7,species_level
SOAP,Lathyrus lanszwertii,Lathyrus,130.20000000000002,144.39999999999998,157,177.60000000000002,184.39999999999998,19,5,species_level
SOAP,Lathyrus nevadensis,Lathyrus,121.8,132.8,141,173.6,187,19,7,species_level
SOAP,Lathyrus sp,Lathyrus,96,143,169,189,232,2982,22,genus_level
SOAP,Lathyrus sulphureus,Lathyrus,108.2,124.6,136,144.4,155.6,22,8,species_level
SOAP,Lotus argophyllus,Lotus,156,171,185,208,242,3620,21,genus_level
SOAP,Lotus crassifolius,Lotus,156,171,185,208,242,3620,21,genus_level
SOAP,Lotus micranthus,Lotus,156,171,185,208,242,3620,21,genus_level
SOAP,Lotus sp,Lotus,156,171,185,208,242,3620,21,genus_level
SOAP,Lotus strigosus,Lotus,156,171,185,208,242,3620,21,genus_level
SOAP,Lotus unifoliolatus,Lotus,156,171,185,208,242,3620,21,genus_level
SOAP,Lotus wrangelianus,Lotus,156,171,185,208,242,3620,21,genus_level
SOAP,Lupinus benthamii,Lupinus,77,80.2,92,114.79999999999998,122.19999999999999,15,7,species_level
SOAP,Lupinus bicolor,Lupinus,74,89,105.5,118.89999999999998,142.30000000000007,618,16,species_level
SOAP,Lupinus sp,Lupinus,64,83,100,119,166,14875,32,genus_level
SOAP,Lupinus stiversii,Lupinus,115,144,152,163,179,71,12,species_level
SOAP,Trifolium ciliolatum,Trifolium,101.4,113,118,123.39999999999998,140.8,53,9,species_level
SOAP,Trifolium microcephalum,Trifolium,100,114,126.5,146.79999999999998,159,58,10,species_level
SOAP,Trifolium obtusiflorum,Trifolium,129.6,144.4,169,177.20000000000002,254.20000000000002,17,6,species_level
SOAP,Trifolium sp,Trifolium,101,136,162,196,262,16655,23,genus_level
SOAP,Trifolium variegatum,Trifolium,90.7,108.1,122.5,146.9,171.6,128,12,species_level
SOAP,Trifolium willdenovii,Trifolium,85,102.9,113,125.09999999999997,149.7,514,14,species_level
SOAP,Vicia americana,Vicia,137,153,169,184,200.7,414,15,species_level
SOAP,Vicia sp,Vicia,84,118,145,170,203,4697,22,genus_level
SRER,Acacia angustissima,Acacia,40,89.29999999999995,180,272,325.9000000000001,1572,14,genus_level
SRER,Acacia constricta,Acacia,40,89.29999999999995,180,272,325.9000000000001,1572,14,genus_level
SRER,Astragalus allochrous,Astragalus,71.3,75.9,80.5,85.1,89.7,2,2,species_level
SRER,Astragalus nuttallianus,Astragalus,48.80000000000001,73.2,84.5,96.9,112.49999999999999,88,10,species_level
SRER,Astragalus sp,Astragalus,66,88,114,141,186,2802,26,genus_level
SRER,Calliandra eriophylla,Calliandra,47.2,70,83,106.39999999999999,286.2000000000003,125,12,species_level
SRER,Chamaecrista nictitans,Chamaecrista,219.3,233,240,249,267.70000000000005,174,10,species_level
SRER,Dalea pogonathera,Dalea,43,88.6,120,181.19999999999996,261.80000000000007,23,8,species_level
SRER,Dalea sp,Dalea,64,120,183,204,269,1869,21,genus_level
SRER,Desmodium cinerascens,Desmodium,237,237,237,237,237,1,1,species_level
SRER,Desmodium sp,Desmodium,183,205,223,242,264,705,15,genus_level
SRER,Eysenhardtia orthocarpa,Eysenhardtia,116,157.4,191,218.6,228.79999999999998,9,4,species_level
SRER,Lotus greenei,Lotus,156,171,185,208,242,3620,21,genus_level
SRER,Lotus humistratus,Lotus,156,171,185,208,242,3620,21,genus_level
SRER,Lotus sp,Lotus,156,171,185,208,242,3620,21,genus_level
SRER,Lotus strigosus,Lotus,156,171,185,208,242,3620,21,genus_level
SRER,Lupinus concinnus,Lupinus,75,92,105,118.29999999999995,138,400,13,species_level
SRER,Lupinus sp,Lupinus,64,83,100,119,166,14875,32,genus_level
SRER,Lupinus sparsiflorus,Lupinus,56,74,81,91,111,401,13,species_level
SRER,Mimosa dysocarpa,Mimosa,179,207.1,220.5,225.9,240.9,38,10,species_level
SRER,Mimosa sp,Mimosa,98,117,141,186.29999999999995,262.1,1090,21,genus_level
SRER,Olneya tesota,Olneya,47.400000000000006,110.19999999999999,141,212,306.80000000000007,705,17,species_level
SRER,Prosopis velutina,Prosopis,45,109,207,281,325,1494,9,species_level
SRER,Rhynchosia senna,Rhynchosia,120,126,150,223,260,41,5,species_level
SRER,Vicia ludoviciana,Vicia,50,69.9,82,92,120,174,9,species_level
STEI,Alnus incana,Alnus,102,156,193,233,276,926,15,species_level
STEI,Alnus sp,Alnus,72.80000000000001,127,184,234,289.20000000000005,1709,17,genus_level
STEI,Amphicarpaea bracteata,Amphicarpaea,224,232,238.5,245,253,2412,21,species_level
STEI,Lotus corniculatus,Lotus,156,170.19999999999993,185,207,241,3375,21,species_level
STEI,Medicago lupulina,Medicago,90,139,158,176,228,1560,16,species_level
STEI,Myrica gale,Myrica,103.8,125.69999999999999,143.5,172.39999999999998,259,60,8,species_level
STEI,Trifolium campestre,Trifolium,100,126,147,173,207.20000000000005,725,14,species_level
STEI,Trifolium hybridum,Trifolium,152,166,185,207.59999999999997,247,589,14,species_level
STEI,Trifolium pratense,Trifolium,145,166,196,243,280,4765,20,species_level
STEI,Trifolium repens,Trifolium,91,138,163,199,274,5555,18,species_level
STEI,Trifolium sp,Trifolium,101,136,162,196,262,16655,23,genus_level
TALL,Alnus serrulata,Alnus,10.400000000000002,51.3,68.5,128.39999999999992,299.29999999999995,52,9,species_level
TALL,Amphicarpaea bracteata,Amphicarpaea,224,232,238.5,245,253,2412,21,species_level
TALL,Baptisia sp,Baptisia,102,134,155,173,195,1008,17,genus_level
TALL,Ceanothus americanus,Ceanothus,142.10000000000002,163,175,185,197.89999999999998,672,19,species_level
TALL,Centrosema virginianum,Centrosema,143,184,207.5,229,254.10000000000002,740,14,species_level
TALL,Chamaecrista fasciculata,Chamaecrista,175,209,225,241,272,4671,22,species_level
TALL,Chamaecrista nictitans,Chamaecrista,219.3,233,240,249,267.70000000000005,174,10,species_level
TALL,Chamaecrista sp,Chamaecrista,173,209,226,241,272,4930,22,genus_level
TALL,Clitoria mariana,Clitoria,156,179,195,209,231,301,13,species_level
TALL,Crotalaria rotundifolia,Crotalaria,53.4,97.8,124,196.2,333.6,55,7,species_level
TALL,Crotalaria sagittalis,Crotalaria,156,187,202,208.9,252.20000000000002,18,7,species_level
TALL,Crotalaria sp,Crotalaria,48.60000000000001,123.6,215,262.59999999999997,333,237,12,genus_level
TALL,Desmanthus obtusus,Desmanthus,139.2,168,188,201.79999999999998,241.8,113,9,genus_level
TALL,Desmodium batocaulon,Desmodium,218.70000000000002,236.4,244,253,255.2,10,4,species_level
TALL,Desmodium canescens,Desmodium,207.10000000000002,217.5,229,233.9,253,20,7,species_level
TALL,Desmodium ciliare,Desmodium,239,248.6,249,258.2,275.8,7,4,species_level
TALL,Desmodium laevigatum,Desmodium,252,252,252,252,252,1,1,species_level
TALL,Desmodium lineatum,Desmodium,119,119,119,119,119,1,1,species_level
TALL,Desmodium marilandicum,Desmodium,230.9,242.70000000000002,254.5,266.3,278.09999999999997,2,1,species_level
TALL,Desmodium nudiflorum,Desmodium,183,205,223,242,264,705,15,genus_level
TALL,Desmodium nuttallii,Desmodium,196.6,207.8,219,230.2,241.4,2,2,species_level
TALL,Desmodium obtusum,Desmodium,241,241,241,241,241,1,1,species_level
TALL,Desmodium paniculatum,Desmodium,215,231.7,244,253,265.2,140,9,species_level
TALL,Desmodium pauciflorum,Desmodium,183,205,223,242,264,705,15,genus_level
TALL,Desmodium perplexum,Desmodium,245.5,248.5,253.5,258.5,270.5,6,4,species_level
TALL,Desmodium rotundifolium,Desmodium,203,234,240,244,255,26,6,species_level
TALL,Desmodium sp,Desmodium,183,205,223,242,264,705,15,genus_level
TALL,Desmodium strictum,Desmodium,270,270,270,270,270,1,1,species_level
TALL,Desmodium viridiflorum,Desmodium,205.60000000000002,228.8,252,255.2,258.4,3,3,species_level
TALL,Galactia regularis,Galactia,173.4,187.4,201,210,217.6,45,8,species_level
TALL,Galactia sp,Galactia,109.69999999999999,152,190.5,210,240.89999999999998,128,9,genus_level
TALL,Galactia volubilis,Galactia,105,169.5,193.5,210.5,224.5,6,3,species_level
TALL,Kummerowia striata,Kummerowia,223.2,234.60000000000002,244,252.2,274.4,77,11,species_level
TALL,Lespedeza angustifolia,Lespedeza,224.8,230.4,236,237.6,239.2,3,2,species_level
TALL,Lespedeza bicolor,Lespedeza,184,215.20000000000002,228,251,267.8,29,6,species_level
TALL,Lespedeza capitata,Lespedeza,199,217,225,231,241.7,114,12,species_level
TALL,Lespedeza cuneata,Lespedeza,220,241,252,258,268,209,12,species_level
TALL,Lespedeza frutescens,Lespedeza,221.7,229.6,235.5,236,251.3,8,3,species_level
TALL,Lespedeza hirta,Lespedeza,199.89999999999998,211.4,224.5,244.3,263.2,40,7,species_level
TALL,Lespedeza procumbens,Lespedeza,209,238,247,253.39999999999998,270,43,4,species_level
TALL,Lespedeza repens,Lespedeza,132.4,161.89999999999998,205,239,272.3,50,7,species_level
TALL,Lespedeza sp,Lespedeza,198.5,227,240,252,265,636,15,genus_level
TALL,Lespedeza stuevei,Lespedeza,237.5,240.5,242,244.49999999999997,253.5,4,3,species_level
TALL,Lespedeza violacea,Lespedeza,223.2,234.2,240,244.6,253,15,8,species_level
TALL,Lespedeza virginica,Lespedeza,224.60000000000002,236.2,244,253,261.6,105,10,species_level
TALL,Mimosa microphylla,Mimosa,124.20000000000002,151.2,164,182,210.79999999999998,133,11,species_level
TALL,Mimosa sp,Mimosa,98,117,141,186.29999999999995,262.1,1090,21,genus_level
TALL,Morella caroliniensis,Morella,72.4,76,87,90,101.4,23,6,species_level
TALL,Morella cerifera,Morella,46,62,80,110,300.80000000000007,593,13,species_level
TALL,Orbexilum pedunculatum,Orbexilum,120.6,128.4,134,143.2,156.4,27,10,species_level
TALL,Rhynchosia reniformis,Rhynchosia,106.5,124.8,135.5,162.7,226.89999999999998,42,9,species_level
TALL,Strophostyles umbellata,Strophostyles,198,226,240,251,270,232,12,species_level
TALL,Stylosanthes biflora,Stylosanthes,138.3,158.8,182.5,207.1,249.70000000000002,234,12,species_level
TALL,Tephrosia virginiana,Tephrosia,119.6,138,151,167,186,337,16,species_level
TALL,Vicia caroliniana,Vicia,77.19999999999999,93,107,120,137,173,12,species_level
TALL,Vicia sp,Vicia,84,118,145,170,203,4697,22,genus_level
TEAK,Ceanothus cordulatus,Ceanothus,148,163,171,181,196,171,12,species_level
TEAK,Ceanothus cuneatus,Ceanothus,40,61,77,93,117,421,18,species_level
TEAK,Cercocarpus montanus,Cercocarpus,42,116.8,162,233.39999999999998,319,237,10,species_level
TEAK,Lathyrus sp,Lathyrus,96,143,169,189,232,2982,22,genus_level
TEAK,Lotus crassifolius,Lotus,156,171,185,208,242,3620,21,genus_level
TEAK,Lotus micranthus,Lotus,156,171,185,208,242,3620,21,genus_level
TEAK,Lotus oblongifolius,Lotus,156,171,185,208,242,3620,21,genus_level
TEAK,Lotus unifoliolatus,Lotus,156,171,185,208,242,3620,21,genus_level
TEAK,Lupinus albifrons,Lupinus,51.3,77.79999999999998,99,117,145.70000000000002,254,16,species_level
TEAK,Lupinus breweri,Lupinus,163.6,172.9,193,202.2,227.10000000000002,14,6,species_level
TEAK,Lupinus latifolius,Lupinus,74,118.1,149.5,178,221.3,258,14,species_level
TEAK,Lupinus lepidus,Lupinus,161,185.39999999999998,204,215,234.60000000000002,139,18,species_level
TEAK,Lupinus sp,Lupinus,64,83,100,119,166,14875,32,genus_level
TEAK,Trifolium sp,Trifolium,101,136,162,196,262,16655,23,genus_level
TOOL,Astragalus umbellatus,Astragalus,66,88,114,141,186,2802,26,genus_level
TOOL,Dryas integrifolia,Dryas,171.4,176.2,181,186.60000000000002,192.2,3,3,species_level
TOOL,Dryas octopetala,Dryas,157.10000000000002,173,183,192.7,204,92,18,genus_level
TOOL,Oxytropis campestris,Oxytropis,146.3,167,179,187.29999999999998,202,74,13,species_level
TOOL,Oxytropis nigrescens,Oxytropis,133,148,160,179.89999999999998,198,478,18,genus_level
TOOL,Oxytropis scammaniana,Oxytropis,133,148,160,179.89999999999998,198,478,18,genus_level
TOOL,Oxytropis sp,Oxytropis,133,148,160,179.89999999999998,198,478,18,genus_level
TREE,Alnus incana,Alnus,102,156,193,233,276,926,15,species_level
TREE,Alnus sp,Alnus,72.80000000000001,127,184,234,289.20000000000005,1709,17,genus_level
TREE,Comptonia peregrina,Comptonia,102.89999999999999,112,118,127,161.40000000000003,50,8,species_level
TREE,Lotus corniculatus,Lotus,156,170.19999999999993,185,207,241,3375,21,species_level
TREE,Myrica gale,Myrica,103.8,125.69999999999999,143.5,172.39999999999998,259,60,8,species_level
TREE,Trifolium hybridum,Trifolium,152,166,185,207.59999999999997,247,589,14,species_level
TREE,Trifolium repens,Trifolium,91,138,163,199,274,5555,18,species_level
TREE,Trifolium sp,Trifolium,101,136,162,196,262,16655,23,genus_level
UKFS,Amphicarpaea bracteata,Amphicarpaea,224,232,238.5,245,253,2412,21,species_level
UKFS,Baptisia alba,Baptisia,115,154.9,163.5,173,189.70000000000002,274,15,species_level
UKFS,Baptisia australis,Baptisia,108,131.5,147,158.5,179,306,14,species_level
UKFS,Baptisia bracteata,Baptisia,83,101.5,125,145,153.5,146,15,species_level
UKFS,Ceanothus americanus,Ceanothus,142.10000000000002,163,175,185,197.89999999999998,672,19,species_level
UKFS,Chamaecrista fasciculata,Chamaecrista,175,209,225,241,272,4671,22,species_level
UKFS,Dalea purpurea,Dalea,145.60000000000002,183.2,195,208.79999999999995,241.60000000000002,635,18,species_level
UKFS,Desmanthus illinoensis,Desmanthus,161,178,189,199,226,81,8,species_level
UKFS,Desmodium canadense,Desmodium,187,197,207,219,236,294,14,species_level
UKFS,Desmodium cuspidatum,Desmodium,195.3,208.3,234.5,242.7,247,8,4,species_level
UKFS,Desmodium glabellum,Desmodium,214.60000000000002,231.20000000000002,242,250.79999999999998,264.6,18,6,species_level
UKFS,Desmodium glutinosum,Desmodium,174.8,207.6,229,252,277.8,45,3,species_level
UKFS,Desmodium illinoense,Desmodium,182.1,186.7,194,203.79999999999998,209,12,4,species_level
UKFS,Desmodium paniculatum,Desmodium,215,231.7,244,253,265.2,140,9,species_level
UKFS,Desmodium perplexum,Desmodium,245.5,248.5,253.5,258.5,270.5,6,4,species_level
UKFS,Desmodium sessilifolium,Desmodium,188.4,207.2,222,227.2,239.60000000000002,7,5,species_level
UKFS,Desmodium sp,Desmodium,183,205,223,242,264,705,15,genus_level
UKFS,Kummerowia sp,Kummerowia,224,235.9,243.5,250.1,269.1,94,11,genus_level
UKFS,Kummerowia stipulacea,Kummerowia,232.40000000000003,237.79999999999998,243,247,257,17,8,species_level
UKFS,Kummerowia striata,Kummerowia,223.2,234.60000000000002,244,252.2,274.4,77,11,species_level
UKFS,Lespedeza capitata,Lespedeza,199,217,225,231,241.7,114,12,species_level
UKFS,Lespedeza cuneata,Lespedeza,220,241,252,258,268,209,12,species_level
UKFS,Lespedeza frutescens,Lespedeza,221.7,229.6,235.5,236,251.3,8,3,species_level
UKFS,Lespedeza sp,Lespedeza,198.5,227,240,252,265,636,15,genus_level
UKFS,Lespedeza violacea,Lespedeza,223.2,234.2,240,244.6,253,15,8,species_level
UKFS,Lespedeza virginica,Lespedeza,224.60000000000002,236.2,244,253,261.6,105,10,species_level
UKFS,Medicago lupulina,Medicago,90,139,158,176,228,1560,16,species_level
UKFS,Melilotus officinalis,Melilotus,145.2,161,173,194,235,1193,19,species_level
UKFS,Melilotus sp,Melilotus,112,165,186,207,254,3402,22,genus_level
UKFS,Mimosa nuttallii,Mimosa,121.30000000000001,132.8,144.5,160.1,175.8,34,11,species_level
UKFS,Mimosa rupertiana,Mimosa,130.4,167.20000000000002,204,216.8,229.6,3,2,species_level
UKFS,Robinia pseudoacacia,Robinia,93,120,138,152,257.8000000000002,2963,20,species_level
UKFS,Trifolium campestre,Trifolium,100,126,147,173,207.20000000000005,725,14,species_level
UKFS,Trifolium pratense,Trifolium,145,166,196,243,280,4765,20,species_level
UKFS,Trifolium repens,Trifolium,91,138,163,199,274,5555,18,species_level
UKFS,Trifolium sp,Trifolium,101,136,162,196,262,16655,23,genus_level
UNDE,Alnus incana,Alnus,102,156,193,233,276,926,15,species_level
UNDE,Amphicarpaea bracteata,Amphicarpaea,224,232,238.5,245,253,2412,21,species_level
UNDE,Myrica gale,Myrica,103.8,125.69999999999999,143.5,172.39999999999998,259,60,8,species_level
UNDE,Trifolium pratense,Trifolium,145,166,196,243,280,4765,20,species_level
UNDE,Trifolium repens,Trifolium,91,138,163,199,274,5555,18,species_level
WOOD,Amorpha canescens,Amorpha,115,172,185,198.7,247,542,17,species_level
WOOD,Amorpha nana,Amorpha,154,160.5,168.5,179.5,181.5,16,5,species_level
WOOD,Astragalus agnicidus,Astragalus,98,114,114,120,155.80000000000004,13,2,species_level
WOOD,Astragalus agrestis,Astragalus,143.6,149.8,158,163,173,47,10,species_level
WOOD,Astragalus crassicarpus,Astragalus,63,82.89999999999999,95.5,130.2,151,94,12,species_level
WOOD,Astragalus flexuosus,Astragalus,161,165.2,173,192.5,204.3,8,6,species_level
WOOD,Astragalus missouriensis,Astragalus,72,91,108,125.19999999999999,147.4,127,15,species_level
WOOD,Astragalus sp,Astragalus,66,88,114,141,186,2802,26,genus_level
WOOD,Dalea candida,Dalea,170,187,194,205,227,209,17,species_level
WOOD,Dalea purpurea,Dalea,145.60000000000002,183.2,195,208.79999999999995,241.60000000000002,635,18,species_level
WOOD,Desmodium canadense,Desmodium,187,197,207,219,236,294,14,species_level
WOOD,Elaeagnus commutata,Elaeagnus,147,153,160,172,291,51,13,species_level
WOOD,Glycyrrhiza lepidota,Glycyrrhiza,149,173,184,191,208,101,9,species_level
WOOD,Lotus unifoliolatus,Lotus,156,171,185,208,242,3620,21,genus_level
WOOD,Medicago lupulina,Medicago,90,139,158,176,228,1560,16,species_level
WOOD,Medicago sativa,Medicago,96,162.89999999999998,193,224,272,1264,16,species_level
WOOD,Melilotus officinalis,Melilotus,145.2,161,173,194,235,1193,19,species_level
WOOD,Melilotus sp,Melilotus,112,165,186,207,254,3402,22,genus_level
WOOD,Oxytropis sp,Oxytropis,133,148,160,179.89999999999998,198,478,18,genus_level
WOOD,Pediomelum argophyllum,Pediomelum,181,188,193,199.4,212.00000000000003,53,13,species_level
WOOD,Pediomelum esculentum,Pediomelum,137.7,152.10000000000002,162.5,165.89999999999998,175.90000000000003,38,10,species_level
WOOD,Shepherdia argentea,Shepherdia,115,122,178,237.4,292.79999999999995,37,7,species_level
WOOD,Trifolium hybridum,Trifolium,152,166,185,207.59999999999997,247,589,14,species_level
WOOD,Trifolium pratense,Trifolium,145,166,196,243,280,4765,20,species_level
WOOD,Trifolium repens,Trifolium,91,138,163,199,274,5555,18,species_level
WOOD,Trifolium sp,Trifolium,101,136,162,196,262,16655,23,genus_level
WOOD,Vicia americana,Vicia,137,153,169,184,200.7,414,15,species_level
WOOD,Vicia sativa,Vicia,68,96,116,127,146,1207,16,species_level
WREF,Alnus rubra,Alnus,55.8,104.4,164,241,308.20000000000005,669,16,species_level
WREF,Alnus sp,Alnus,72.80000000000001,127,184,234,289.20000000000005,1709,17,genus_level
WREF,Lathyrus sp,Lathyrus,96,143,169,189,232,2982,22,genus_level
YELL,Astragalus agrestis,Astragalus,143.6,149.8,158,163,173,47,10,species_level
YELL,Astragalus miser,Astragalus,141.8,151.4,162,173.2,187,69,9,species_level
YELL,Astragalus purshii,Astragalus,86,113.39999999999999,119,130,146.4,89,13,species_level
YELL,Astragalus sp,Astragalus,66,88,114,141,186,2802,26,genus_level
YELL,Astragalus vexilliflexus,Astragalus,149.8,157.4,160,186,227.2,9,5,species_level
YELL,Ceanothus sp,Ceanothus,52,96,133,165,205,5161,24,genus_level
YELL,Hedysarum boreale,Hedysarum,146.2,152.6,161,178.39999999999998,195,83,11,species_level
YELL,Hedysarum sp,Hedysarum,149.6,163.8,180,193,210.8,187,15,genus_level
YELL,Lupinus leucophyllus,Lupinus,154.4,155.2,156,193.2,230.39999999999998,3,3,species_level
YELL,Lupinus sericeus,Lupinus,115.1,144.8,158.5,182.3,224.2,10,6,species_level
YELL,Lupinus sp,Lupinus,64,83,100,119,166,14875,32,genus_level
YELL,Oxytropis lagopus,Oxytropis,173,173,173,173,173,1,1,species_level
YELL,Oxytropis sp,Oxytropis,133,148,160,179.89999999999998,198,478,18,genus_level
YELL,Shepherdia canadensis,Shepherdia,98.4,119,125,138,152,235,13,species_level
YELL,Shepherdia sp,Shepherdia,97,119,125,140,164.60000000000002,293,13,genus_level
YELL,Trifolium dubium,Trifolium,93,118,134,146,167.5,646,11,species_level
YELL,Trifolium pratense,Trifolium,145,166,196,243,280,4765,20,species_level
YELL,Trifolium repens,Trifolium,91,138,163,199,274,5555,18,species_level
YELL,Trifolium sp,Trifolium,101,136,162,196,262,16655,23,genus_level
